brand_id,country_id,date_id,market_share,global_shipments,shipments,sentiment
0,0,0,0,57.64,14.1,8.13,2
1,0,1,0,73.65,14.1,10.38,0
2,0,2,0,0.85,14.1,0.12,0
3,0,3,0,12.81,14.1,1.81,9
4,0,4,0,65.16,14.1,9.19,9
5,0,5,0,46.36,14.1,6.54,7
6,0,6,0,69.92,14.1,9.86,5
7,0,7,0,46.59,14.1,6.57,1
8,0,8,0,10.48,14.1,1.48,0
9,1,0,0,0.99,7.3,0.07,4
10,1,1,0,2.19,7.3,0.16,8
11,1,2,0,9.29,7.3,0.68,1
12,1,3,0,0.43,7.3,0.03,2
13,1,4,0,2.28,7.3,0.17,0
14,1,5,0,1.31,7.3,0.1,5
15,1,6,0,4.22,7.3,0.31,1
16,1,7,0,5.04,7.3,0.37,4
17,1,8,0,5.03,7.3,0.37,9
18,2,0,0,0.0,1.8,0.0,0
19,2,1,0,0.0,1.8,0.0,3
20,2,2,0,0.0,1.8,0.0,10
21,2,3,0,0.0,1.8,0.0,8
22,2,4,0,0.0,1.8,0.0,7
23,2,5,0,0.0,1.8,0.0,5
24,2,6,0,0.0,1.8,0.0,4
25,2,7,0,0.0,1.8,0.0,10
26,2,8,0,0.0,1.8,0.0,4
27,3,0,0,0.0,0.0,0.0,6
28,3,1,0,0.0,0.0,0.0,8
29,3,2,0,0.0,0.0,0.0,3
30,3,3,0,0.0,0.0,0.0,0
31,3,4,0,0.0,0.0,0.0,1
32,3,5,0,0.0,0.0,0.0,7
33,3,6,0,0.0,0.0,0.0,3
34,3,7,0,0.0,0.0,0.0,5
35,3,8,0,0.0,0.0,0.0,7
36,4,0,0,0.0,0.744920008,0.0,8
37,4,1,0,0.0,0.744920008,0.0,9
38,4,2,0,0.0,0.744920008,0.0,0
39,4,3,0,0.0,0.744920008,0.0,4
40,4,4,0,0.0,0.744920008,0.0,0
41,4,5,0,0.0,0.744920008,0.0,0
42,4,6,0,0.0,0.744920008,0.0,10
43,4,7,0,0.0,0.744920008,0.0,0
44,4,8,0,0.0,0.744920008,0.0,10
45,5,0,0,0.0,0.855361305,0.0,3
46,5,1,0,0.0,0.855361305,0.0,0
47,5,2,0,0.0,0.855361305,0.0,2
48,5,3,0,0.0,0.855361305,0.0,10
49,5,4,0,0.0,0.855361305,0.0,0
50,5,5,0,0.0,0.855361305,0.0,0
51,5,6,0,0.0,0.855361305,0.0,9
52,5,7,0,0.0,0.855361305,0.0,9
53,5,8,0,0.0,0.855361305,0.0,6
54,0,0,1,78.85,16.2,12.77,0
55,0,1,1,74.46,16.2,12.06,2
56,0,2,1,0.91,16.2,0.15,7
57,0,3,1,14.63,16.2,2.37,8
58,0,4,1,70.31,16.2,11.39,3
59,0,5,1,42.08,16.2,6.82,4
60,0,6,1,71.49,16.2,11.58,3
61,0,7,1,43.18,16.2,7.0,9
62,0,8,1,4.83,16.2,0.78,7
63,1,0,1,1.65,9.6,0.16,5
64,1,1,1,2.47,9.6,0.24,7
65,1,2,1,11.19,9.6,1.07,0
66,1,3,1,0.49,9.6,0.05,8
67,1,4,1,2.3,9.6,0.22,7
68,1,5,1,1.7,9.6,0.16,7
69,1,6,1,5.81,9.6,0.56,0
70,1,7,1,6.63,9.6,0.64,8
71,1,8,1,15.84,9.6,1.52,10
72,2,0,1,0.0,2.4,0.0,1
73,2,1,1,0.0,2.4,0.0,0
74,2,2,1,0.0,2.4,0.0,7
75,2,3,1,0.0,2.4,0.0,7
76,2,4,1,0.0,2.4,0.0,1
77,2,5,1,0.0,2.4,0.0,0
78,2,6,1,0.0,2.4,0.0,7
79,2,7,1,0.0,2.4,0.0,8
80,2,8,1,0.0,2.4,0.0,4
81,3,0,1,0.0,0.0,0.0,1
82,3,1,1,0.0,0.0,0.0,1
83,3,2,1,0.0,0.0,0.0,4
84,3,3,1,0.0,0.0,0.0,10
85,3,4,1,0.0,0.0,0.0,9
86,3,5,1,0.0,0.0,0.0,5
87,3,6,1,0.0,0.0,0.0,3
88,3,7,1,0.0,0.0,0.0,9
89,3,8,1,0.0,0.0,0.0,0
90,4,0,1,0.0,1.572392245,0.0,1
91,4,1,1,0.0,1.572392245,0.0,7
92,4,2,1,0.0,1.572392245,0.0,2
93,4,3,1,0.0,1.572392245,0.0,6
94,4,4,1,0.0,1.572392245,0.0,8
95,4,5,1,0.0,1.572392245,0.0,0
96,4,6,1,0.0,1.572392245,0.0,7
97,4,7,1,0.0,1.572392245,0.0,4
98,4,8,1,0.0,1.572392245,0.0,0
99,5,0,1,0.0,1.762004662,0.0,1
100,5,1,1,0.0,1.762004662,0.0,3
101,5,2,1,0.0,1.762004662,0.0,10
102,5,3,1,0.0,1.762004662,0.0,9
103,5,4,1,0.0,1.762004662,0.0,2
104,5,5,1,0.0,1.762004662,0.0,7
105,5,6,1,0.0,1.762004662,0.0,2
106,5,7,1,0.0,1.762004662,0.0,8
107,5,8,1,0.0,1.762004662,0.0,7
108,0,0,2,82.78,18.6,15.4,1
109,0,1,2,78.25,18.6,14.55,3
110,0,2,2,0.87,18.6,0.16,4
111,0,3,2,17.3,18.6,3.22,0
112,0,4,2,78.12,18.6,14.53,4
113,0,5,2,46.21,18.6,8.6,4
114,0,6,2,72.31,18.6,13.45,2
115,0,7,2,49.83,18.6,9.27,10
116,0,8,2,4.54,18.6,0.84,1
117,1,0,2,1.67,11.5,0.19,3
118,1,1,2,2.2,11.5,0.25,8
119,1,2,2,12.8,11.5,1.47,1
120,1,3,2,0.79,11.5,0.09,9
121,1,4,2,2.44,11.5,0.28,4
122,1,5,2,2.18,11.5,0.25,3
123,1,6,2,7.23,11.5,0.83,4
124,1,7,2,7.1,11.5,0.82,7
125,1,8,2,26.05,11.5,3.0,10
126,2,0,2,0.0,3.6,0.0,2
127,2,1,2,0.0,3.6,0.0,3
128,2,2,2,0.0,3.6,0.0,9
129,2,3,2,0.0,3.6,0.0,8
130,2,4,2,0.0,3.6,0.0,8
131,2,5,2,0.0,3.6,0.0,9
132,2,6,2,0.0,3.6,0.0,6
133,2,7,2,0.0,3.6,0.0,2
134,2,8,2,0.0,3.6,0.0,7
135,3,0,2,0.0,0.0,0.0,1
136,3,1,2,0.0,0.0,0.0,10
137,3,2,2,0.0,0.0,0.0,9
138,3,3,2,0.0,0.0,0.0,5
139,3,4,2,0.0,0.0,0.0,3
140,3,5,2,0.0,0.0,0.0,8
141,3,6,2,0.0,0.0,0.0,9
142,3,7,2,0.0,0.0,0.0,4
143,3,8,2,0.0,0.0,0.0,9
144,4,0,2,0.0,2.399864483,0.0,0
145,4,1,2,0.0,2.399864483,0.0,2
146,4,2,2,0.0,2.399864483,0.0,7
147,4,3,2,0.0,2.399864483,0.0,8
148,4,4,2,0.0,2.399864483,0.0,9
149,4,5,2,0.0,2.399864483,0.0,6
150,4,6,2,0.0,2.399864483,0.0,9
151,4,7,2,0.0,2.399864483,0.0,6
152,4,8,2,0.0,2.399864483,0.0,0
153,5,0,2,0.0,2.668648019,0.0,5
154,5,1,2,0.0,2.668648019,0.0,4
155,5,2,2,0.0,2.668648019,0.0,1
156,5,3,2,0.0,2.668648019,0.0,8
157,5,4,2,0.0,2.668648019,0.0,1
158,5,5,2,0.0,2.668648019,0.0,4
159,5,6,2,0.0,2.668648019,0.0,0
160,5,7,2,0.0,2.668648019,0.0,1
161,5,8,2,0.0,2.668648019,0.0,6
162,0,0,3,83.76,20.4,17.09,7
163,0,1,3,79.12,20.4,16.14,6
164,0,2,3,0.74,20.4,0.15,4
165,0,3,3,19.06,20.4,3.89,5
166,0,4,3,75.79,20.4,15.46,10
167,0,5,3,43.75,20.4,8.92,6
168,0,6,3,70.7,20.4,14.42,7
169,0,7,3,49.86,20.4,10.17,8
170,0,8,3,3.95,20.4,0.81,4
171,1,0,3,1.98,18.4,0.36,7
172,1,1,3,3.03,18.4,0.56,6
173,1,2,3,15.88,18.4,2.92,6
174,1,3,3,1.04,18.4,0.19,0
175,1,4,3,5.18,18.4,0.95,10
176,1,5,3,3.02,18.4,0.56,8
177,1,6,3,9.38,18.4,1.73,2
178,1,7,3,8.06,18.4,1.48,4
179,1,8,3,29.43,18.4,5.42,8
180,2,0,3,0.0,7.3,0.0,2
181,2,1,3,0.0,7.3,0.0,4
182,2,2,3,0.0,7.3,0.0,10
183,2,3,3,0.0,7.3,0.0,9
184,2,4,3,0.0,7.3,0.0,5
185,2,5,3,0.0,7.3,0.0,10
186,2,6,3,0.0,7.3,0.0,6
187,2,7,3,0.0,7.3,0.0,0
188,2,8,3,0.0,7.3,0.0,9
189,3,0,3,0.0,0.0,0.0,4
190,3,1,3,0.0,0.0,0.0,7
191,3,2,3,0.0,0.0,0.0,7
192,3,3,3,0.0,0.0,0.0,2
193,3,4,3,0.0,0.0,0.0,6
194,3,5,3,0.0,0.0,0.0,0
195,3,6,3,0.0,0.0,0.0,9
196,3,7,3,0.0,0.0,0.0,8
197,3,8,3,0.0,0.0,0.0,4
198,4,0,3,0.0,3.227336721,0.0,5
199,4,1,3,0.0,3.227336721,0.0,8
200,4,2,3,0.0,3.227336721,0.0,8
201,4,3,3,0.0,3.227336721,0.0,5
202,4,4,3,0.0,3.227336721,0.0,2
203,4,5,3,0.0,3.227336721,0.0,7
204,4,6,3,0.0,3.227336721,0.0,3
205,4,7,3,0.0,3.227336721,0.0,1
206,4,8,3,0.0,3.227336721,0.0,6
207,5,0,3,0.0,3.575291375,0.0,7
208,5,1,3,0.0,3.575291375,0.0,0
209,5,2,3,0.0,3.575291375,0.0,5
210,5,3,3,0.0,3.575291375,0.0,5
211,5,4,3,0.0,3.575291375,0.0,9
212,5,5,3,0.0,3.575291375,0.0,3
213,5,6,3,0.0,3.575291375,0.0,10
214,5,7,3,0.0,3.575291375,0.0,8
215,5,8,3,0.0,3.575291375,0.0,8
216,0,0,4,82.56,17.1,14.12,8
217,0,1,4,76.12,17.1,13.02,7
218,0,2,4,0.7,17.1,0.12,2
219,0,3,4,18.41,17.1,3.15,8
220,0,4,4,74.27,17.1,12.7,6
221,0,5,4,42.85,17.1,7.33,4
222,0,6,4,64.73,17.1,11.07,0
223,0,7,4,57.83,17.1,9.89,2
224,0,8,4,4.35,17.1,0.74,4
225,1,0,4,4.95,28.1,1.39,9
226,1,1,4,7.03,28.1,1.98,4
227,1,2,4,18.23,28.1,5.12,7
228,1,3,4,1.64,28.1,0.46,10
229,1,4,4,8.83,28.1,2.48,9
230,1,5,4,4.75,28.1,1.33,0
231,1,6,4,15.47,28.1,4.35,5
232,1,7,4,10.12,28.1,2.84,7
233,1,8,4,30.34,28.1,8.53,9
234,2,0,4,0.0,8.2,0.0,4
235,2,1,4,0.0,8.2,0.0,4
236,2,2,4,0.0,8.2,0.0,4
237,2,3,4,0.0,8.2,0.0,8
238,2,4,4,0.0,8.2,0.0,2
239,2,5,4,0.0,8.2,0.0,8
240,2,6,4,0.0,8.2,0.0,9
241,2,7,4,0.0,8.2,0.0,7
242,2,8,4,0.0,8.2,0.0,9
243,3,0,4,0.0,0.0,0.0,3
244,3,1,4,0.0,0.0,0.0,6
245,3,2,4,0.0,0.0,0.0,4
246,3,3,4,0.0,0.0,0.0,10
247,3,4,4,0.0,0.0,0.0,10
248,3,5,4,0.0,0.0,0.0,10
249,3,6,4,0.0,0.0,0.0,10
250,3,7,4,0.0,0.0,0.0,7
251,3,8,4,0.0,0.0,0.0,10
252,4,0,4,0.0,4.054808959,0.0,5
253,4,1,4,0.0,4.054808959,0.0,8
254,4,2,4,0.0,4.054808959,0.0,9
255,4,3,4,0.0,4.054808959,0.0,5
256,4,4,4,0.0,4.054808959,0.0,5
257,4,5,4,0.0,4.054808959,0.0,8
258,4,6,4,0.0,4.054808959,0.0,1
259,4,7,4,0.0,4.054808959,0.0,7
260,4,8,4,0.0,4.054808959,0.0,0
261,5,0,4,0.0,4.481934732,0.0,7
262,5,1,4,0.0,4.481934732,0.0,8
263,5,2,4,0.0,4.481934732,0.0,1
264,5,3,4,0.0,4.481934732,0.0,9
265,5,4,4,0.0,4.481934732,0.0,0
266,5,5,4,0.0,4.481934732,0.0,3
267,5,6,4,0.0,4.481934732,0.0,9
268,5,7,4,0.0,4.481934732,0.0,5
269,5,8,4,0.0,4.481934732,0.0,7
270,0,0,5,76.89,37.0,28.45,6
271,0,1,5,70.4,37.0,26.05,6
272,0,2,5,0.78,37.0,0.29,2
273,0,3,5,17.33,37.0,6.41,2
274,0,4,5,74.25,37.0,27.47,4
275,0,5,5,43.26,37.0,16.01,7
276,0,6,5,54.7,37.0,20.24,4
277,0,7,5,58.3,37.0,21.57,4
278,0,8,5,7.84,37.0,2.9,0
279,1,0,5,7.16,36.2,2.59,7
280,1,1,5,10.21,36.2,3.7,9
281,1,2,5,19.84,36.2,7.18,8
282,1,3,5,3.1,36.2,1.12,0
283,1,4,5,9.65,36.2,3.49,9
284,1,5,5,6.16,36.2,2.23,8
285,1,6,5,16.85,36.2,6.1,4
286,1,7,5,10.99,36.2,3.98,9
287,1,8,5,27.93,36.2,10.11,6
288,2,0,5,0.0,10.8,0.0,2
289,2,1,5,0.0,10.8,0.0,5
290,2,2,5,0.0,10.8,0.0,0
291,2,3,5,0.0,10.8,0.0,8
292,2,4,5,0.0,10.8,0.0,8
293,2,5,5,0.0,10.8,0.0,4
294,2,6,5,0.0,10.8,0.0,4
295,2,7,5,0.0,10.8,0.0,2
296,2,8,5,0.0,10.8,0.0,7
297,3,0,5,0.0,0.660202504,0.0,8
298,3,1,5,0.0,0.660202504,0.0,6
299,3,2,5,0.0,0.660202504,0.0,2
300,3,3,5,0.0,0.660202504,0.0,0
301,3,4,5,0.0,0.660202504,0.0,7
302,3,5,5,0.0,0.660202504,0.0,3
303,3,6,5,0.0,0.660202504,0.0,7
304,3,7,5,0.0,0.660202504,0.0,8
305,3,8,5,0.0,0.660202504,0.0,5
306,4,0,5,0.0,4.882281197,0.0,1
307,4,1,5,0.0,4.882281197,0.0,3
308,4,2,5,0.0,4.882281197,0.0,2
309,4,3,5,0.0,4.882281197,0.0,2
310,4,4,5,0.0,4.882281197,0.0,5
311,4,5,5,0.0,4.882281197,0.0,1
312,4,6,5,0.0,4.882281197,0.0,0
313,4,7,5,0.0,4.882281197,0.0,4
314,4,8,5,0.0,4.882281197,0.0,8
315,5,0,5,0.0,5.388578089,0.0,3
316,5,1,5,0.0,5.388578089,0.0,2
317,5,2,5,0.0,5.388578089,0.0,2
318,5,3,5,0.0,5.388578089,0.0,8
319,5,4,5,0.0,5.388578089,0.0,3
320,5,5,5,0.0,5.388578089,0.0,8
321,5,6,5,0.0,5.388578089,0.0,7
322,5,7,5,0.0,5.388578089,0.0,8
323,5,8,5,0.0,5.388578089,0.0,7
324,0,0,6,76.28,35.1,26.77,4
325,0,1,6,69.29,35.1,24.32,7
326,0,2,6,0.85,35.1,0.3,2
327,0,3,6,22.05,35.1,7.74,5
328,0,4,6,71.93,35.1,25.25,9
329,0,5,6,44.28,35.1,15.54,10
330,0,6,6,52.1,35.1,18.29,8
331,0,7,6,59.22,35.1,20.79,0
332,0,8,6,8.4,35.1,2.95,0
333,1,0,6,8.87,44.0,3.9,9
334,1,1,6,11.07,44.0,4.87,8
335,1,2,6,21.38,44.0,9.41,8
336,1,3,6,5.6,44.0,2.46,7
337,1,4,6,12.56,44.0,5.53,0
338,1,5,6,6.83,44.0,3.01,7
339,1,6,6,17.2,44.0,7.57,4
340,1,7,6,11.7,44.0,5.15,10
341,1,8,6,24.6,44.0,10.82,4
342,2,0,6,0.02,9.3,0.0,3
343,2,1,6,0.04,9.3,0.0,4
344,2,2,6,0.0,9.3,0.0,10
345,2,3,6,0.0,9.3,0.0,0
346,2,4,6,0.0,9.3,0.0,1
347,2,5,6,0.0,9.3,0.0,1
348,2,6,6,0.02,9.3,0.0,8
349,2,7,6,0.07,9.3,0.01,10
350,2,8,6,0.0,9.3,0.0,0
351,3,0,6,0.0,1.677239904,0.0,3
352,3,1,6,0.0,1.677239904,0.0,2
353,3,2,6,0.0,1.677239904,0.0,6
354,3,3,6,0.0,1.677239904,0.0,8
355,3,4,6,0.0,1.677239904,0.0,1
356,3,5,6,0.0,1.677239904,0.0,8
357,3,6,6,0.0,1.677239904,0.0,7
358,3,7,6,0.0,1.677239904,0.0,2
359,3,8,6,0.0,1.677239904,0.0,0
360,4,0,6,0.0,5.709753435,0.0,6
361,4,1,6,0.0,5.709753435,0.0,6
362,4,2,6,0.0,5.709753435,0.0,6
363,4,3,6,0.0,5.709753435,0.0,3
364,4,4,6,0.0,5.709753435,0.0,5
365,4,5,6,0.0,5.709753435,0.0,10
366,4,6,6,0.0,5.709753435,0.0,4
367,4,7,6,0.0,5.709753435,0.0,8
368,4,8,6,0.0,5.709753435,0.0,5
369,5,0,6,0.0,6.295221445,0.0,5
370,5,1,6,0.0,6.295221445,0.0,10
371,5,2,6,0.0,6.295221445,0.0,5
372,5,3,6,0.0,6.295221445,0.0,8
373,5,4,6,0.0,6.295221445,0.0,7
374,5,5,6,0.0,6.295221445,0.0,8
375,5,6,6,0.0,6.295221445,0.0,10
376,5,7,6,0.0,6.295221445,0.0,9
377,5,8,6,0.0,6.295221445,0.0,9
378,0,0,7,71.72,26.0,18.65,5
379,0,1,7,62.44,26.0,16.23,4
380,0,2,7,0.71,26.0,0.18,10
381,0,3,7,16.44,26.0,4.27,0
382,0,4,7,61.48,26.0,15.98,4
383,0,5,7,42.01,26.0,10.92,10
384,0,6,7,40.83,26.0,10.62,3
385,0,7,7,48.39,26.0,12.58,10
386,0,8,7,9.12,26.0,2.37,3
387,1,0,7,11.66,50.3,5.86,5
388,1,1,7,14.3,50.3,7.19,4
389,1,2,7,22.4,50.3,11.27,0
390,1,3,7,7.25,50.3,3.65,7
391,1,4,7,16.61,50.3,8.35,3
392,1,5,7,9.7,50.3,4.88,10
393,1,6,7,22.28,50.3,11.21,10
394,1,7,7,11.74,50.3,5.91,5
395,1,8,7,21.84,50.3,10.99,7
396,2,0,7,0.48,10.4,0.05,3
397,2,1,7,1.49,10.4,0.15,3
398,2,2,7,0.08,10.4,0.01,6
399,2,3,7,0.02,10.4,0.0,2
400,2,4,7,0.13,10.4,0.01,3
401,2,5,7,0.15,10.4,0.02,2
402,2,6,7,0.49,10.4,0.05,1
403,2,7,7,1.2,10.4,0.12,9
404,2,8,7,0.09,10.4,0.01,8
405,3,0,7,0.0,2.694277304,0.0,4
406,3,1,7,0.0,2.694277304,0.0,1
407,3,2,7,0.0,2.694277304,0.0,2
408,3,3,7,0.0,2.694277304,0.0,6
409,3,4,7,0.0,2.694277304,0.0,9
410,3,5,7,0.0,2.694277304,0.0,4
411,3,6,7,0.0,2.694277304,0.0,3
412,3,7,7,0.0,2.694277304,0.0,2
413,3,8,7,0.0,2.694277304,0.0,10
414,4,0,7,0.0,6.537225673,0.0,10
415,4,1,7,0.0,6.537225673,0.0,6
416,4,2,7,0.0,6.537225673,0.0,8
417,4,3,7,0.0,6.537225673,0.0,8
418,4,4,7,0.0,6.537225673,0.0,7
419,4,5,7,0.0,6.537225673,0.0,2
420,4,6,7,0.0,6.537225673,0.0,9
421,4,7,7,0.0,6.537225673,0.0,6
422,4,8,7,0.0,6.537225673,0.0,1
423,5,0,7,0.0,7.201864802,0.0,1
424,5,1,7,0.0,7.201864802,0.0,2
425,5,2,7,0.0,7.201864802,0.0,10
426,5,3,7,0.0,7.201864802,0.0,3
427,5,4,7,0.0,7.201864802,0.0,3
428,5,5,7,0.0,7.201864802,0.0,3
429,5,6,7,0.0,7.201864802,0.0,3
430,5,7,7,0.0,7.201864802,0.0,1
431,5,8,7,0.0,7.201864802,0.0,10
432,0,0,8,68.97,26.9,18.55,1
433,0,1,8,57.42,26.9,15.45,3
434,0,2,8,0.79,26.9,0.21,2
435,0,3,8,14.52,26.9,3.91,3
436,0,4,8,56.86,26.9,15.3,9
437,0,5,8,43.34,26.9,11.66,3
438,0,6,8,38.38,26.9,10.32,10
439,0,7,8,50.44,26.9,13.57,4
440,0,8,8,11.01,26.9,2.96,4
441,1,0,8,15.6,56.3,8.78,4
442,1,1,8,20.01,56.3,11.27,4
443,1,2,8,28.03,56.3,15.78,8
444,1,3,8,10.75,56.3,6.05,10
445,1,4,8,25.34,56.3,14.27,0
446,1,5,8,14.39,56.3,8.1,4
447,1,6,8,29.03,56.3,16.34,8
448,1,7,8,12.96,56.3,7.3,0
449,1,8,8,27.71,56.3,15.6,2
450,2,0,8,0.45,12.5,0.06,8
451,2,1,8,1.99,12.5,0.25,9
452,2,2,8,0.09,12.5,0.01,7
453,2,3,8,0.02,12.5,0.0,6
454,2,4,8,0.28,12.5,0.04,9
455,2,5,8,0.21,12.5,0.03,8
456,2,6,8,0.6,12.5,0.07,7
457,2,7,8,1.42,12.5,0.18,9
458,2,8,8,0.15,12.5,0.02,7
459,3,0,8,0.0,3.711314704,0.0,6
460,3,1,8,0.01,3.711314704,0.0,2
461,3,2,8,0.0,3.711314704,0.0,4
462,3,3,8,0.0,3.711314704,0.0,6
463,3,4,8,0.01,3.711314704,0.0,1
464,3,5,8,0.0,3.711314704,0.0,10
465,3,6,8,0.0,3.711314704,0.0,5
466,3,7,8,0.0,3.711314704,0.0,0
467,3,8,8,0.0,3.711314704,0.0,4
468,4,0,8,0.0,7.364697911,0.0,7
469,4,1,8,0.0,7.364697911,0.0,10
470,4,2,8,0.0,7.364697911,0.0,6
471,4,3,8,0.0,7.364697911,0.0,3
472,4,4,8,0.0,7.364697911,0.0,9
473,4,5,8,0.0,7.364697911,0.0,0
474,4,6,8,0.0,7.364697911,0.0,1
475,4,7,8,0.0,7.364697911,0.0,6
476,4,8,8,0.0,7.364697911,0.0,2
477,5,0,8,0.0,8.108508159,0.0,3
478,5,1,8,0.01,8.108508159,0.0,9
479,5,2,8,0.0,8.108508159,0.0,7
480,5,3,8,0.0,8.108508159,0.0,7
481,5,4,8,0.0,8.108508159,0.0,0
482,5,5,8,0.0,8.108508159,0.0,6
483,5,6,8,0.0,8.108508159,0.0,7
484,5,7,8,0.0,8.108508159,0.0,3
485,5,8,8,0.0,8.108508159,0.0,5
486,0,0,9,67.89,47.8,32.45,2
487,0,1,9,56.16,47.8,26.84,7
488,0,2,9,0.8,47.8,0.38,7
489,0,3,9,13.19,47.8,6.3,4
490,0,4,9,52.62,47.8,25.15,1
491,0,5,9,43.93,47.8,21.0,5
492,0,6,9,36.29,47.8,17.35,10
493,0,7,9,50.63,47.8,24.2,8
494,0,8,9,11.82,47.8,5.65,3
495,1,0,9,17.74,63.7,11.3,10
496,1,1,9,22.43,63.7,14.29,10
497,1,2,9,28.07,63.7,17.88,0
498,1,3,9,12.56,63.7,8.0,2
499,1,4,9,29.44,63.7,18.75,6
500,1,5,9,17.06,63.7,10.87,1
501,1,6,9,32.13,63.7,20.47,7
502,1,7,9,14.21,63.7,9.05,6
503,1,8,9,30.48,63.7,19.42,6
504,2,0,9,0.42,10.8,0.05,5
505,2,1,9,2.19,10.8,0.24,2
506,2,2,9,0.08,10.8,0.01,4
507,2,3,9,0.06,10.8,0.01,7
508,2,4,9,0.42,10.8,0.05,6
509,2,5,9,0.22,10.8,0.02,3
510,2,6,9,0.67,10.8,0.07,2
511,2,7,9,1.48,10.8,0.16,0
512,2,8,9,0.15,10.8,0.02,6
513,3,0,9,0.0,4.728352104,0.0,4
514,3,1,9,0.02,4.728352104,0.0,1
515,3,2,9,0.0,4.728352104,0.0,9
516,3,3,9,0.0,4.728352104,0.0,4
517,3,4,9,0.0,4.728352104,0.0,7
518,3,5,9,0.0,4.728352104,0.0,2
519,3,6,9,0.0,4.728352104,0.0,6
520,3,7,9,0.0,4.728352104,0.0,10
521,3,8,9,0.0,4.728352104,0.0,8
522,4,0,9,0.0,8.192170149,0.0,5
523,4,1,9,0.0,8.192170149,0.0,3
524,4,2,9,0.0,8.192170149,0.0,2
525,4,3,9,0.0,8.192170149,0.0,7
526,4,4,9,0.0,8.192170149,0.0,9
527,4,5,9,0.0,8.192170149,0.0,10
528,4,6,9,0.0,8.192170149,0.0,2
529,4,7,9,0.0,8.192170149,0.0,9
530,4,8,9,0.0,8.192170149,0.0,3
531,5,0,9,0.0,9.015151515,0.0,2
532,5,1,9,0.01,9.015151515,0.0,5
533,5,2,9,0.0,9.015151515,0.0,0
534,5,3,9,0.0,9.015151515,0.0,7
535,5,4,9,0.01,9.015151515,0.0,2
536,5,5,9,0.0,9.015151515,0.0,7
537,5,6,9,0.0,9.015151515,0.0,5
538,5,7,9,0.0,9.015151515,0.0,5
539,5,8,9,0.0,9.015151515,0.0,10
540,0,0,10,68.08,37.4,25.46,1
541,0,1,10,55.3,37.4,20.68,3
542,0,2,10,1.09,37.4,0.41,1
543,0,3,10,20.6,37.4,7.7,10
544,0,4,10,49.75,37.4,18.61,1
545,0,5,10,47.98,37.4,17.94,6
546,0,6,10,34.68,37.4,12.97,3
547,0,7,10,52.87,37.4,19.77,8
548,0,8,10,14.2,37.4,5.31,2
549,1,0,10,18.95,69.7,13.21,3
550,1,1,10,24.51,69.7,17.08,5
551,1,2,10,26.91,69.7,18.76,4
552,1,3,10,21.04,69.7,14.66,0
553,1,4,10,33.09,69.7,23.06,5
554,1,5,10,19.64,69.7,13.69,5
555,1,6,10,33.94,69.7,23.66,3
556,1,7,10,15.6,69.7,10.87,0
557,1,8,10,33.16,69.7,23.11,9
558,2,0,10,0.39,9.3,0.04,5
559,2,1,10,2.01,9.3,0.19,9
560,2,2,10,0.09,9.3,0.01,6
561,2,3,10,0.17,9.3,0.02,0
562,2,4,10,0.45,9.3,0.04,6
563,2,5,10,0.22,9.3,0.02,10
564,2,6,10,0.72,9.3,0.07,1
565,2,7,10,1.42,9.3,0.13,0
566,2,8,10,0.13,9.3,0.01,7
567,3,0,10,0.01,5.745389504,0.0,10
568,3,1,10,0.02,5.745389504,0.0,10
569,3,2,10,0.0,5.745389504,0.0,5
570,3,3,10,0.0,5.745389504,0.0,6
571,3,4,10,0.01,5.745389504,0.0,3
572,3,5,10,0.0,5.745389504,0.0,6
573,3,6,10,0.0,5.745389504,0.0,7
574,3,7,10,0.0,5.745389504,0.0,6
575,3,8,10,0.0,5.745389504,0.0,10
576,4,0,10,0.0,9.019642387,0.0,8
577,4,1,10,0.0,9.019642387,0.0,10
578,4,2,10,0.0,9.019642387,0.0,10
579,4,3,10,0.0,9.019642387,0.0,8
580,4,4,10,0.0,9.019642387,0.0,9
581,4,5,10,0.0,9.019642387,0.0,9
582,4,6,10,0.0,9.019642387,0.0,2
583,4,7,10,0.0,9.019642387,0.0,9
584,4,8,10,0.0,9.019642387,0.0,4
585,5,0,10,0.0,7.9,0.0,5
586,5,1,10,0.01,7.9,0.0,5
587,5,2,10,0.02,7.9,0.0,4
588,5,3,10,0.0,7.9,0.0,2
589,5,4,10,0.01,7.9,0.0,0
590,5,5,10,0.0,7.9,0.0,5
591,5,6,10,0.0,7.9,0.0,4
592,5,7,10,0.0,7.9,0.0,2
593,5,8,10,0.0,7.9,0.0,5
594,0,0,11,67.49,31.2,21.06,5
595,0,1,11,53.77,31.2,16.78,0
596,0,2,11,1.1,31.2,0.34,5
597,0,3,11,19.42,31.2,6.06,7
598,0,4,11,47.29,31.2,14.75,8
599,0,5,11,48.05,31.2,14.99,9
600,0,6,11,34.81,31.2,10.86,7
601,0,7,11,54.19,31.2,16.91,9
602,0,8,11,15.09,31.2,4.71,6
603,1,0,11,20.12,77.3,15.55,9
604,1,1,11,26.37,77.3,20.38,1
605,1,2,11,27.27,77.3,21.08,5
606,1,3,11,23.21,77.3,17.94,8
607,1,4,11,37.98,77.3,29.36,5
608,1,5,11,20.2,77.3,15.61,10
609,1,6,11,35.82,77.3,27.69,6
610,1,7,11,18.08,77.3,13.98,2
611,1,8,11,33.88,77.3,26.19,5
612,2,0,11,0.4,10.4,0.04,4
613,2,1,11,2.02,10.4,0.21,5
614,2,2,11,0.09,10.4,0.01,2
615,2,3,11,0.3,10.4,0.03,0
616,2,4,11,0.46,10.4,0.05,8
617,2,5,11,0.2,10.4,0.02,3
618,2,6,11,0.78,10.4,0.08,2
619,2,7,11,1.34,10.4,0.14,5
620,2,8,11,0.1,10.4,0.01,10
621,3,0,11,0.01,6.762426904,0.0,3
622,3,1,11,0.04,6.762426904,0.0,6
623,3,2,11,0.0,6.762426904,0.0,4
624,3,3,11,0.0,6.762426904,0.0,2
625,3,4,11,0.01,6.762426904,0.0,9
626,3,5,11,0.0,6.762426904,0.0,1
627,3,6,11,0.01,6.762426904,0.0,0
628,3,7,11,0.0,6.762426904,0.0,4
629,3,8,11,0.0,6.762426904,0.0,0
630,4,0,11,0.0,9.847114625,0.0,7
631,4,1,11,0.0,9.847114625,0.0,8
632,4,2,11,0.0,9.847114625,0.0,2
633,4,3,11,0.0,9.847114625,0.0,7
634,4,4,11,0.0,9.847114625,0.0,5
635,4,5,11,0.0,9.847114625,0.0,4
636,4,6,11,0.0,9.847114625,0.0,8
637,4,7,11,0.0,9.847114625,0.0,5
638,4,8,11,0.0,9.847114625,0.0,3
639,5,0,11,0.01,11.4,0.0,10
640,5,1,11,0.02,11.4,0.0,1
641,5,2,11,0.13,11.4,0.01,8
642,5,3,11,0.01,11.4,0.0,1
643,5,4,11,0.02,11.4,0.0,3
644,5,5,11,0.0,11.4,0.0,1
645,5,6,11,0.0,11.4,0.0,10
646,5,7,11,0.0,11.4,0.0,7
647,5,8,11,0.0,11.4,0.0,5
648,0,0,12,66.13,33.8,22.35,1
649,0,1,12,52.9,33.8,17.88,3
650,0,2,12,1.06,33.8,0.36,3
651,0,3,12,13.85,33.8,4.68,5
652,0,4,12,43.96,33.8,14.86,7
653,0,5,12,46.89,33.8,15.85,7
654,0,6,12,32.99,33.8,11.15,1
655,0,7,12,52.63,33.8,17.79,3
656,0,8,12,15.77,33.8,5.33,3
657,1,0,12,21.36,85.0,18.16,10
658,1,1,12,26.97,85.0,22.92,6
659,1,2,12,26.8,85.0,22.78,4
660,1,3,12,24.75,85.0,21.04,4
661,1,4,12,40.17,85.0,34.14,5
662,1,5,12,20.99,85.0,17.84,7
663,1,6,12,37.96,85.0,32.27,0
664,1,7,12,18.94,85.0,16.1,9
665,1,8,12,36.02,85.0,30.62,6
666,2,0,12,0.46,12.5,0.06,2
667,2,1,12,2.04,12.5,0.26,7
668,2,2,12,0.09,12.5,0.01,1
669,2,3,12,0.3,12.5,0.04,3
670,2,4,12,0.51,12.5,0.06,3
671,2,5,12,0.27,12.5,0.03,5
672,2,6,12,0.99,12.5,0.12,0
673,2,7,12,1.24,12.5,0.15,3
674,2,8,12,0.1,12.5,0.01,2
675,3,0,12,0.02,5.6,0.0,3
676,3,1,12,0.05,5.6,0.0,5
677,3,2,12,0.0,5.6,0.0,0
678,3,3,12,0.02,5.6,0.0,3
679,3,4,12,0.02,5.6,0.0,9
680,3,5,12,0.0,5.6,0.0,0
681,3,6,12,0.01,5.6,0.0,9
682,3,7,12,0.0,5.6,0.0,9
683,3,8,12,0.0,5.6,0.0,3
684,4,0,12,0.0,10.67458686,0.0,5
685,4,1,12,0.0,10.67458686,0.0,5
686,4,2,12,0.0,10.67458686,0.0,0
687,4,3,12,0.0,10.67458686,0.0,10
688,4,4,12,0.0,10.67458686,0.0,9
689,4,5,12,0.0,10.67458686,0.0,2
690,4,6,12,0.0,10.67458686,0.0,2
691,4,7,12,0.0,10.67458686,0.0,0
692,4,8,12,0.0,10.67458686,0.0,8
693,5,0,12,0.01,12.3,0.0,1
694,5,1,12,0.02,12.3,0.0,5
695,5,2,12,0.29,12.3,0.04,9
696,5,3,12,0.07,12.3,0.01,5
697,5,4,12,0.02,12.3,0.0,1
698,5,5,12,0.01,12.3,0.0,10
699,5,6,12,0.01,12.3,0.0,6
700,5,7,12,0.01,12.3,0.0,10
701,5,8,12,0.0,12.3,0.0,5
702,0,0,13,64.53,51.0,32.91,5
703,0,1,13,49.06,51.0,25.02,2
704,0,2,13,1.06,51.0,0.54,1
705,0,3,13,14.18,51.0,7.23,5
706,0,4,13,39.75,51.0,20.27,1
707,0,5,13,44.46,51.0,22.67,1
708,0,6,13,32.5,51.0,16.57,8
709,0,7,13,51.6,51.0,26.32,0
710,0,8,13,14.01,51.0,7.15,0
711,1,0,13,22.75,84.4,19.2,9
712,1,1,13,27.57,84.4,23.27,8
713,1,2,13,27.66,84.4,23.35,2
714,1,3,13,27.77,84.4,23.44,6
715,1,4,13,38.24,84.4,32.27,3
716,1,5,13,19.81,84.4,16.72,2
717,1,6,13,39.44,84.4,33.29,4
718,1,7,13,20.4,84.4,17.22,6
719,1,8,13,37.89,84.4,31.98,10
720,2,0,13,0.64,16.6,0.11,10
721,2,1,13,2.65,16.6,0.44,0
722,2,2,13,0.09,16.6,0.01,9
723,2,3,13,0.45,16.6,0.07,3
724,2,4,13,0.38,16.6,0.06,3
725,2,5,13,0.36,16.6,0.06,8
726,2,6,13,1.34,16.6,0.22,3
727,2,7,13,1.14,16.6,0.19,2
728,2,8,13,0.12,16.6,0.02,0
729,3,0,13,0.03,5.9,0.0,3
730,3,1,13,0.08,5.9,0.0,6
731,3,2,13,0.0,5.9,0.0,2
732,3,3,13,0.01,5.9,0.0,1
733,3,4,13,0.02,5.9,0.0,7
734,3,5,13,0.0,5.9,0.0,6
735,3,6,13,0.01,5.9,0.0,5
736,3,7,13,0.0,5.9,0.0,3
737,3,8,13,0.0,5.9,0.0,9
738,4,0,13,0.0,11.5020591,0.0,3
739,4,1,13,0.0,11.5020591,0.0,4
740,4,2,13,0.0,11.5020591,0.0,9
741,4,3,13,0.0,11.5020591,0.0,2
742,4,4,13,0.0,11.5020591,0.0,2
743,4,5,13,0.0,11.5020591,0.0,4
744,4,6,13,0.0,11.5020591,0.0,5
745,4,7,13,0.0,11.5020591,0.0,9
746,4,8,13,0.0,11.5020591,0.0,9
747,5,0,13,0.02,13.9,0.0,0
748,5,1,13,0.03,13.9,0.0,2
749,5,2,13,0.49,13.9,0.07,2
750,5,3,13,0.31,13.9,0.04,8
751,5,4,13,0.04,13.9,0.01,1
752,5,5,13,0.04,13.9,0.01,6
753,5,6,13,0.05,13.9,0.01,2
754,5,7,13,0.01,13.9,0.0,8
755,5,8,13,0.01,13.9,0.0,4
756,0,0,14,61.99,43.7,27.09,0
757,0,1,14,47.19,43.7,20.62,2
758,0,2,14,1.24,43.7,0.54,9
759,0,3,14,16.42,43.7,7.18,8
760,0,4,14,38.39,43.7,16.78,1
761,0,5,14,36.78,43.7,16.07,10
762,0,6,14,31.07,43.7,13.58,3
763,0,7,14,53.42,43.7,23.34,0
764,0,8,14,13.79,43.7,6.03,0
765,1,0,14,24.68,88.5,21.84,9
766,1,1,14,30.48,88.5,26.97,2
767,1,2,14,30.73,88.5,27.2,9
768,1,3,14,33.33,88.5,29.5,10
769,1,4,14,43.61,88.5,38.59,5
770,1,5,14,23.01,88.5,20.36,3
771,1,6,14,41.22,88.5,36.48,3
772,1,7,14,22.37,88.5,19.8,6
773,1,8,14,40.16,88.5,35.54,8
774,2,0,14,0.83,13.5,0.11,5
775,2,1,14,3.18,13.5,0.43,9
776,2,2,14,0.11,13.5,0.01,8
777,2,3,14,0.6,13.5,0.08,2
778,2,4,14,0.4,13.5,0.05,3
779,2,5,14,0.36,13.5,0.05,10
780,2,6,14,1.77,13.5,0.24,8
781,2,7,14,0.97,13.5,0.13,10
782,2,8,14,0.16,13.5,0.02,4
783,3,0,14,0.03,10.5828314,0.0,6
784,3,1,14,0.11,10.5828314,0.01,3
785,3,2,14,0.0,10.5828314,0.0,9
786,3,3,14,0.0,10.5828314,0.0,9
787,3,4,14,0.04,10.5828314,0.0,0
788,3,5,14,0.0,10.5828314,0.0,5
789,3,6,14,0.02,10.5828314,0.0,0
790,3,7,14,0.01,10.5828314,0.0,8
791,3,8,14,0.0,10.5828314,0.0,4
792,4,0,14,0.0,12.32953134,0.0,0
793,4,1,14,0.0,12.32953134,0.0,10
794,4,2,14,0.0,12.32953134,0.0,6
795,4,3,14,0.0,12.32953134,0.0,10
796,4,4,14,0.0,12.32953134,0.0,3
797,4,5,14,0.0,12.32953134,0.0,3
798,4,6,14,0.0,12.32953134,0.0,2
799,4,7,14,0.0,12.32953134,0.0,8
800,4,8,14,0.0,12.32953134,0.0,9
801,5,0,14,0.04,12.6,0.01,4
802,5,1,14,0.03,12.6,0.0,10
803,5,2,14,0.49,12.6,0.06,5
804,5,3,14,0.8,12.6,0.1,5
805,5,4,14,0.09,12.6,0.01,7
806,5,5,14,0.19,12.6,0.02,8
807,5,6,14,0.21,12.6,0.03,0
808,5,7,14,0.03,12.6,0.0,3
809,5,8,14,0.01,12.6,0.0,0
810,0,0,15,59.88,35.2,21.08,3
811,0,1,15,45.6,35.2,16.05,2
812,0,2,15,1.25,35.2,0.44,10
813,0,3,15,16.23,35.2,5.71,5
814,0,4,15,36.54,35.2,12.86,6
815,0,5,15,47.48,35.2,16.71,10
816,0,6,15,29.79,35.2,10.49,10
817,0,7,15,51.61,35.2,18.17,10
818,0,8,15,15.3,35.2,5.39,2
819,1,0,15,26.43,74.9,19.8,4
820,1,1,15,32.47,74.9,24.32,4
821,1,2,15,32.38,74.9,24.25,1
822,1,3,15,37.37,74.9,27.99,5
823,1,4,15,45.26,74.9,33.9,8
824,1,5,15,23.56,74.9,17.65,3
825,1,6,15,43.12,74.9,32.3,7
826,1,7,15,25.03,74.9,18.75,8
827,1,8,15,40.61,74.9,30.42,3
828,2,0,15,0.87,20.2,0.18,7
829,2,1,15,2.85,20.2,0.58,3
830,2,2,15,0.13,20.2,0.03,2
831,2,3,15,0.84,20.2,0.17,5
832,2,4,15,0.51,20.2,0.1,5
833,2,5,15,0.43,20.2,0.09,3
834,2,6,15,2.18,20.2,0.44,1
835,2,7,15,0.87,20.2,0.18,9
836,2,8,15,0.11,20.2,0.02,10
837,3,0,15,0.03,13.8,0.0,8
838,3,1,15,0.09,13.8,0.01,3
839,3,2,15,0.0,13.8,0.0,2
840,3,3,15,0.0,13.8,0.0,7
841,3,4,15,0.04,13.8,0.01,7
842,3,5,15,0.0,13.8,0.0,2
843,3,6,15,0.02,13.8,0.0,0
844,3,7,15,0.0,13.8,0.0,4
845,3,8,15,0.0,13.8,0.0,0
846,4,0,15,0.0,13.15700358,0.0,2
847,4,1,15,0.0,13.15700358,0.0,10
848,4,2,15,0.0,13.15700358,0.0,7
849,4,3,15,0.0,13.15700358,0.0,4
850,4,4,15,0.01,13.15700358,0.0,0
851,4,5,15,0.0,13.15700358,0.0,0
852,4,6,15,0.0,13.15700358,0.0,2
853,4,7,15,0.0,13.15700358,0.0,6
854,4,8,15,0.0,13.15700358,0.0,2
855,5,0,15,0.05,15.8,0.01,5
856,5,1,15,0.05,15.8,0.01,8
857,5,2,15,0.54,15.8,0.09,7
858,5,3,15,1.35,15.8,0.21,10
859,5,4,15,0.18,15.8,0.03,9
860,5,5,15,0.15,15.8,0.02,8
861,5,6,15,0.25,15.8,0.04,4
862,5,7,15,0.04,15.8,0.01,8
863,5,8,15,0.01,15.8,0.0,3
864,0,0,16,58.06,39.3,22.82,6
865,0,1,16,44.74,39.3,17.58,3
866,0,2,16,1.28,39.3,0.5,0
867,0,3,16,15.15,39.3,5.95,10
868,0,4,16,28.65,39.3,11.26,9
869,0,5,16,46.56,39.3,18.3,6
870,0,6,16,25.4,39.3,9.98,0
871,0,7,16,52.1,39.3,20.48,8
872,0,8,16,14.04,39.3,5.52,10
873,1,0,16,28.22,79.6,22.46,10
874,1,1,16,34.74,79.6,27.65,10
875,1,2,16,32.8,79.6,26.11,7
876,1,3,16,39.78,79.6,31.66,6
877,1,4,16,37.21,79.6,29.62,5
878,1,5,16,24.85,79.6,19.78,6
879,1,6,16,46.9,79.6,37.33,6
880,1,7,16,26.08,79.6,20.76,1
881,1,8,16,40.38,79.6,32.14,8
882,2,0,16,0.75,16.5,0.12,10
883,2,1,16,2.5,16.5,0.41,5
884,2,2,16,0.15,16.5,0.02,9
885,2,3,16,1.07,16.5,0.18,5
886,2,4,16,0.43,16.5,0.07,4
887,2,5,16,0.51,16.5,0.08,1
888,2,6,16,2.12,16.5,0.35,0
889,2,7,16,0.66,16.5,0.11,1
890,2,8,16,0.11,16.5,0.02,4
891,3,0,16,0.08,17.3,0.01,9
892,3,1,16,0.19,17.3,0.03,10
893,3,2,16,0.04,17.3,0.01,2
894,3,3,16,0.01,17.3,0.0,1
895,3,4,16,1.11,17.3,0.19,4
896,3,5,16,0.01,17.3,0.0,3
897,3,6,16,0.02,17.3,0.0,2
898,3,7,16,0.01,17.3,0.0,2
899,3,8,16,0.0,17.3,0.0,6
900,4,0,16,0.01,13.98447581,0.0,9
901,4,1,16,0.01,13.98447581,0.0,10
902,4,2,16,0.02,13.98447581,0.0,2
903,4,3,16,0.0,13.98447581,0.0,3
904,4,4,16,0.05,13.98447581,0.01,5
905,4,5,16,0.0,13.98447581,0.0,8
906,4,6,16,0.0,13.98447581,0.0,0
907,4,7,16,0.0,13.98447581,0.0,0
908,4,8,16,0.0,13.98447581,0.0,9
909,5,0,16,0.08,16.9,0.01,2
910,5,1,16,0.06,16.9,0.01,5
911,5,2,16,0.59,16.9,0.1,3
912,5,3,16,1.72,16.9,0.29,10
913,5,4,16,0.19,16.9,0.03,6
914,5,5,16,0.22,16.9,0.04,0
915,5,6,16,0.33,16.9,0.06,9
916,5,7,16,0.06,16.9,0.01,9
917,5,8,16,0.02,16.9,0.0,10
918,0,0,17,59.0,74.5,43.95,1
919,0,1,17,43.73,74.5,32.58,9
920,0,2,17,1.29,74.5,0.96,1
921,0,3,17,12.92,74.5,9.63,10
922,0,4,17,33.5,74.5,24.96,2
923,0,5,17,48.89,74.5,36.42,6
924,0,6,17,24.95,74.5,18.59,9
925,0,7,17,52.08,74.5,38.8,9
926,0,8,17,17.05,74.5,12.7,2
927,1,0,17,27.41,75.1,20.58,4
928,1,1,17,35.86,75.1,26.93,7
929,1,2,17,31.33,75.1,23.53,6
930,1,3,17,43.6,75.1,32.74,10
931,1,4,17,43.77,75.1,32.87,3
932,1,5,17,25.27,75.1,18.98,8
933,1,6,17,47.61,75.1,35.76,9
934,1,7,17,27.19,75.1,20.42,4
935,1,8,17,38.12,75.1,28.63,8
936,2,0,17,0.78,23.6,0.18,9
937,2,1,17,2.6,23.6,0.61,4
938,2,2,17,0.19,23.6,0.04,7
939,2,3,17,1.32,23.6,0.31,0
940,2,4,17,0.54,23.6,0.13,6
941,2,5,17,0.58,23.6,0.14,8
942,2,6,17,2.02,23.6,0.48,7
943,2,7,17,0.54,23.6,0.13,1
944,2,8,17,0.11,23.6,0.03,4
945,3,0,17,0.12,16.5,0.02,5
946,3,1,17,0.32,16.5,0.05,9
947,3,2,17,0.37,16.5,0.06,8
948,3,3,17,0.02,16.5,0.0,3
949,3,4,17,2.67,16.5,0.44,2
950,3,5,17,0.03,16.5,0.0,4
951,3,6,17,0.03,16.5,0.0,7
952,3,7,17,0.02,16.5,0.0,8
953,3,8,17,0.0,16.5,0.0,8
954,4,0,17,0.01,14.81194805,0.0,2
955,4,1,17,0.03,14.81194805,0.0,7
956,4,2,17,0.05,14.81194805,0.01,10
957,4,3,17,0.01,14.81194805,0.0,6
958,4,4,17,0.12,14.81194805,0.02,4
959,4,5,17,0.01,14.81194805,0.0,3
960,4,6,17,0.01,14.81194805,0.0,2
961,4,7,17,0.01,14.81194805,0.0,10
962,4,8,17,0.0,14.81194805,0.0,5
963,5,0,17,0.09,14.1,0.01,5
964,5,1,17,0.08,14.1,0.01,2
965,5,2,17,0.67,14.1,0.09,4
966,5,3,17,2.6,14.1,0.37,7
967,5,4,17,0.3,14.1,0.04,0
968,5,5,17,0.31,14.1,0.04,6
969,5,6,17,0.41,14.1,0.06,5
970,5,7,17,0.07,14.1,0.01,3
971,5,8,17,0.03,14.1,0.0,6
972,0,0,18,58.53,61.2,35.82,7
973,0,1,18,43.75,61.2,26.77,1
974,0,2,18,1.51,61.2,0.92,0
975,0,3,18,13.14,61.2,8.04,0
976,0,4,18,35.89,61.2,21.96,9
977,0,5,18,50.39,61.2,30.84,6
978,0,6,18,28.03,61.2,17.15,8
979,0,7,18,52.06,61.2,31.86,0
980,0,8,18,11.48,61.2,7.03,10
981,1,0,18,26.97,82.4,22.22,3
982,1,1,18,35.46,82.4,29.22,5
983,1,2,18,29.72,82.4,24.49,4
984,1,3,18,45.47,82.4,37.47,3
985,1,4,18,43.5,82.4,35.84,2
986,1,5,18,24.46,82.4,20.16,4
987,1,6,18,42.32,82.4,34.87,8
988,1,7,18,26.05,82.4,21.47,4
989,1,8,18,38.67,82.4,31.86,9
990,2,0,18,0.92,17.4,0.16,7
991,2,1,18,2.77,17.4,0.48,10
992,2,2,18,0.29,17.4,0.05,3
993,2,3,18,1.67,17.4,0.29,4
994,2,4,18,0.67,17.4,0.12,10
995,2,5,18,0.56,17.4,0.1,7
996,2,6,18,2.31,17.4,0.4,7
997,2,7,18,0.47,17.4,0.08,0
998,2,8,18,0.16,17.4,0.03,10
999,3,0,18,0.17,12.62925898,0.02,2
1000,3,1,18,0.39,12.62925898,0.05,5
1001,3,2,18,0.75,12.62925898,0.09,0
1002,3,3,18,0.03,12.62925898,0.0,1
1003,3,4,18,3.11,12.62925898,0.39,8
1004,3,5,18,0.04,12.62925898,0.01,0
1005,3,6,18,0.06,12.62925898,0.01,1
1006,3,7,18,0.02,12.62925898,0.0,2
1007,3,8,18,0.01,12.62925898,0.0,6
1008,4,0,18,0.03,7.3,0.0,6
1009,4,1,18,0.03,7.3,0.0,7
1010,4,2,18,0.1,7.3,0.01,5
1011,4,3,18,0.02,7.3,0.0,2
1012,4,4,18,0.19,7.3,0.01,5
1013,4,5,18,0.01,7.3,0.0,3
1014,4,6,18,0.02,7.3,0.0,10
1015,4,7,18,0.01,7.3,0.0,0
1016,4,8,18,0.0,7.3,0.0,1
1017,5,0,18,0.15,18.8,0.03,10
1018,5,1,18,0.09,18.8,0.02,3
1019,5,2,18,0.83,18.8,0.16,9
1020,5,3,18,3.79,18.8,0.71,4
1021,5,4,18,0.4,18.8,0.08,4
1022,5,5,18,0.58,18.8,0.11,9
1023,5,6,18,0.72,18.8,0.14,10
1024,5,7,18,0.1,18.8,0.02,8
1025,5,8,18,0.07,18.8,0.01,8
1026,0,0,19,54.67,47.5,25.97,6
1027,0,1,19,47.28,47.5,22.46,10
1028,0,2,19,1.6,47.5,0.76,1
1029,0,3,19,12.05,47.5,5.72,0
1030,0,4,19,37.96,47.5,18.03,10
1031,0,5,19,46.71,47.5,22.19,10
1032,0,6,19,28.35,47.5,13.47,4
1033,0,7,19,49.17,47.5,23.36,6
1034,0,8,19,11.95,47.5,5.68,8
1035,1,0,19,27.41,73.0,20.01,5
1036,1,1,19,32.52,73.0,23.74,2
1037,1,2,19,28.43,73.0,20.75,0
1038,1,3,19,44.93,73.0,32.8,0
1039,1,4,19,41.52,73.0,30.31,5
1040,1,5,19,24.35,73.0,17.78,3
1041,1,6,19,42.31,73.0,30.89,5
1042,1,7,19,27.12,73.0,19.8,8
1043,1,8,19,37.51,73.0,27.38,1
1044,2,0,19,1.1,29.6,0.33,7
1045,2,1,19,2.84,29.6,0.84,8
1046,2,2,19,0.36,29.6,0.11,6
1047,2,3,19,1.86,29.6,0.55,0
1048,2,4,19,0.62,29.6,0.18,7
1049,2,5,19,0.96,29.6,0.28,8
1050,2,6,19,2.5,29.6,0.74,1
1051,2,7,19,0.59,29.6,0.17,0
1052,2,8,19,0.26,29.6,0.08,2
1053,3,0,19,0.22,17.9,0.04,0
1054,3,1,19,0.3,17.9,0.05,9
1055,3,2,19,0.86,17.9,0.15,0
1056,3,3,19,0.04,17.9,0.01,10
1057,3,4,19,3.13,17.9,0.56,7
1058,3,5,19,0.22,17.9,0.04,3
1059,3,6,19,0.06,17.9,0.01,7
1060,3,7,19,0.25,17.9,0.04,6
1061,3,8,19,0.05,17.9,0.01,8
1062,4,0,19,0.07,9.6,0.01,6
1063,4,1,19,0.04,9.6,0.0,1
1064,4,2,19,0.14,9.6,0.01,1
1065,4,3,19,0.04,9.6,0.0,6
1066,4,4,19,0.21,9.6,0.02,0
1067,4,5,19,0.09,9.6,0.01,4
1068,4,6,19,0.02,9.6,0.0,9
1069,4,7,19,0.07,9.6,0.01,3
1070,4,8,19,0.03,9.6,0.0,4
1071,5,0,19,0.22,16.2,0.04,5
1072,5,1,19,0.09,16.2,0.01,3
1073,5,2,19,1.27,16.2,0.21,10
1074,5,3,19,4.68,16.2,0.76,6
1075,5,4,19,0.44,16.2,0.07,7
1076,5,5,19,0.68,16.2,0.11,9
1077,5,6,19,0.83,16.2,0.13,0
1078,5,7,19,0.13,16.2,0.02,1
1079,5,8,19,0.07,16.2,0.01,5
1080,0,0,20,59.03,48.0,28.33,9
1081,0,1,20,47.43,48.0,22.77,4
1082,0,2,20,1.66,48.0,0.8,3
1083,0,3,20,14.72,48.0,7.07,4
1084,0,4,20,39.25,48.0,18.84,7
1085,0,5,20,45.36,48.0,21.77,5
1086,0,6,20,28.73,48.0,13.79,4
1087,0,7,20,50.75,48.0,24.36,3
1088,0,8,20,13.5,48.0,6.48,3
1089,1,0,20,26.67,83.8,22.35,3
1090,1,1,20,32.3,83.8,27.07,6
1091,1,2,20,27.25,83.8,22.84,0
1092,1,3,20,44.77,83.8,37.52,0
1093,1,4,20,39.46,83.8,33.07,1
1094,1,5,20,24.52,83.8,20.55,7
1095,1,6,20,42.23,83.8,35.39,0
1096,1,7,20,26.43,83.8,22.15,5
1097,1,8,20,35.82,83.8,30.02,6
1098,2,0,20,1.33,27.3,0.36,10
1099,2,1,20,3.32,27.3,0.91,6
1100,2,2,20,0.41,27.3,0.11,6
1101,2,3,20,2.22,27.3,0.61,4
1102,2,4,20,0.61,27.3,0.17,8
1103,2,5,20,0.98,27.3,0.27,7
1104,2,6,20,2.82,27.3,0.77,5
1105,2,7,20,0.65,27.3,0.18,10
1106,2,8,20,0.18,27.3,0.05,3
1107,3,0,20,0.25,18.3,0.05,3
1108,3,1,20,0.39,18.3,0.07,7
1109,3,2,20,1.0,18.3,0.18,3
1110,3,3,20,0.06,18.3,0.01,6
1111,3,4,20,2.95,18.3,0.54,5
1112,3,5,20,0.16,18.3,0.03,1
1113,3,6,20,0.11,18.3,0.02,4
1114,3,7,20,0.3,18.3,0.05,4
1115,3,8,20,0.02,18.3,0.0,5
1116,4,0,20,0.05,11.4,0.01,8
1117,4,1,20,0.03,11.4,0.0,9
1118,4,2,20,0.15,11.4,0.02,3
1119,4,3,20,0.05,11.4,0.01,7
1120,4,4,20,0.24,11.4,0.03,7
1121,4,5,20,0.04,11.4,0.0,9
1122,4,6,20,0.02,11.4,0.0,8
1123,4,7,20,0.11,11.4,0.01,6
1124,4,8,20,0.01,11.4,0.0,5
1125,5,0,20,0.15,18.8,0.03,2
1126,5,1,20,0.13,18.8,0.02,4
1127,5,2,20,2.08,18.8,0.39,4
1128,5,3,20,5.52,18.8,1.04,7
1129,5,4,20,0.65,18.8,0.12,3
1130,5,5,20,0.74,18.8,0.14,3
1131,5,6,20,0.95,18.8,0.18,5
1132,5,7,20,0.15,18.8,0.03,9
1133,5,8,20,0.07,18.8,0.01,2
1134,0,0,21,58.4,74.8,43.68,2
1135,0,1,21,47.03,74.8,35.18,0
1136,0,2,21,1.64,74.8,1.23,10
1137,0,3,21,15.89,74.8,11.89,10
1138,0,4,21,38.44,74.8,28.75,0
1139,0,5,21,43.94,74.8,32.87,4
1140,0,6,21,28.55,74.8,21.36,6
1141,0,7,21,51.21,74.8,38.31,7
1142,0,8,21,12.54,74.8,9.38,8
1143,1,0,21,27.84,81.7,22.75,9
1144,1,1,21,32.95,81.7,26.92,5
1145,1,2,21,25.15,81.7,20.55,3
1146,1,3,21,43.25,81.7,35.34,2
1147,1,4,21,38.8,81.7,31.7,6
1148,1,5,21,27.28,81.7,22.29,5
1149,1,6,21,43.65,81.7,35.66,2
1150,1,7,21,26.81,81.7,21.9,9
1151,1,8,21,34.24,81.7,27.97,2
1152,2,0,21,1.46,32.7,0.48,6
1153,2,1,21,3.61,32.7,1.18,3
1154,2,2,21,0.42,32.7,0.14,3
1155,2,3,21,2.59,32.7,0.85,7
1156,2,4,21,0.64,32.7,0.21,4
1157,2,5,21,1.24,32.7,0.41,5
1158,2,6,21,3.16,32.7,1.03,3
1159,2,7,21,0.47,32.7,0.15,7
1160,2,8,21,0.13,32.7,0.04,6
1161,3,0,21,0.28,18.2,0.05,0
1162,3,1,21,0.36,18.2,0.07,5
1163,3,2,21,1.14,18.2,0.21,0
1164,3,3,21,0.1,18.2,0.02,6
1165,3,4,21,3.08,18.2,0.56,0
1166,3,5,21,0.07,18.2,0.01,6
1167,3,6,21,0.12,18.2,0.02,7
1168,3,7,21,0.05,18.2,0.01,1
1169,3,8,21,0.01,18.2,0.0,10
1170,4,0,21,0.05,14.4,0.01,1
1171,4,1,21,0.03,14.4,0.0,8
1172,4,2,21,0.14,14.4,0.02,7
1173,4,3,21,0.06,14.4,0.01,9
1174,4,4,21,0.23,14.4,0.03,0
1175,4,5,21,0.02,14.4,0.0,1
1176,4,6,21,0.02,14.4,0.0,5
1177,4,7,21,0.02,14.4,0.0,1
1178,4,8,21,0.0,14.4,0.0,1
1179,5,0,21,0.17,20.2,0.03,5
1180,5,1,21,0.22,20.2,0.04,6
1181,5,2,21,2.84,20.2,0.57,4
1182,5,3,21,6.35,20.2,1.28,3
1183,5,4,21,0.78,20.2,0.16,6
1184,5,5,21,1.02,20.2,0.21,0
1185,5,6,21,1.01,20.2,0.2,8
1186,5,7,21,0.18,20.2,0.04,4
1187,5,8,21,0.07,20.2,0.01,6
1188,0,0,22,59.13,51.2,30.27,2
1189,0,1,22,48.09,51.2,24.62,6
1190,0,2,22,2.01,51.2,1.03,10
1191,0,3,22,17.81,51.2,9.12,5
1192,0,4,22,39.46,51.2,20.2,6
1193,0,5,22,44.2,51.2,22.63,9
1194,0,6,22,29.01,51.2,14.85,6
1195,0,7,22,52.81,51.2,27.04,8
1196,0,8,22,11.37,51.2,5.82,0
1197,1,0,22,27.53,79.2,21.8,6
1198,1,1,22,32.55,79.2,25.78,10
1199,1,2,22,25.36,79.2,20.09,0
1200,1,3,22,41.23,79.2,32.65,6
1201,1,4,22,37.69,79.2,29.85,8
1202,1,5,22,28.21,79.2,22.34,8
1203,1,6,22,43.28,79.2,34.28,3
1204,1,7,22,26.7,79.2,21.15,10
1205,1,8,22,35.09,79.2,27.79,0
1206,2,0,22,1.76,28.1,0.49,1
1207,2,1,22,3.59,28.1,1.01,7
1208,2,2,22,0.47,28.1,0.13,1
1209,2,3,22,3.0,28.1,0.84,4
1210,2,4,22,0.74,28.1,0.21,1
1211,2,5,22,1.54,28.1,0.43,6
1212,2,6,22,3.84,28.1,1.08,6
1213,2,7,22,0.55,28.1,0.15,1
1214,2,8,22,0.19,28.1,0.05,8
1215,3,0,22,0.29,14.75735294,0.04,6
1216,3,1,22,0.35,14.75735294,0.05,3
1217,3,2,22,1.64,14.75735294,0.24,4
1218,3,3,22,0.13,14.75735294,0.02,1
1219,3,4,22,3.03,14.75735294,0.45,2
1220,3,5,22,0.09,14.75735294,0.01,8
1221,3,6,22,0.13,14.75735294,0.02,7
1222,3,7,22,0.13,14.75735294,0.02,1
1223,3,8,22,0.05,14.75735294,0.01,6
1224,4,0,22,0.07,19.7,0.01,7
1225,4,1,22,0.02,19.7,0.0,0
1226,4,2,22,0.16,19.7,0.03,1
1227,4,3,22,0.06,19.7,0.01,10
1228,4,4,22,0.26,19.7,0.05,7
1229,4,5,22,0.03,19.7,0.01,0
1230,4,6,22,0.05,19.7,0.01,9
1231,4,7,22,0.07,19.7,0.01,1
1232,4,8,22,0.04,19.7,0.01,1
1233,5,0,22,0.2,20.80151515,0.04,2
1234,5,1,22,0.27,20.80151515,0.06,10
1235,5,2,22,3.61,20.80151515,0.75,5
1236,5,3,22,6.81,20.80151515,1.42,10
1237,5,4,22,0.83,20.80151515,0.17,6
1238,5,5,22,1.24,20.80151515,0.26,10
1239,5,6,22,1.2,20.80151515,0.25,4
1240,5,7,22,0.2,20.80151515,0.04,3
1241,5,8,22,0.11,20.80151515,0.02,2
1242,0,0,23,58.33,40.4,23.57,7
1243,0,1,23,47.17,40.4,19.06,3
1244,0,2,23,2.4,40.4,0.97,7
1245,0,3,23,19.31,40.4,7.8,6
1246,0,4,23,39.35,40.4,15.9,7
1247,0,5,23,43.55,40.4,17.59,9
1248,0,6,23,29.44,40.4,11.89,2
1249,0,7,23,52.95,40.4,21.39,6
1250,0,8,23,12.46,40.4,5.03,1
1251,1,0,23,27.58,77.0,21.24,5
1252,1,1,23,31.93,77.0,24.59,4
1253,1,2,23,27.37,77.0,21.07,0
1254,1,3,23,42.81,77.0,32.96,5
1255,1,4,23,37.27,77.0,28.7,6
1256,1,5,23,29.31,77.0,22.57,2
1257,1,6,23,43.11,77.0,33.19,5
1258,1,7,23,27.01,77.0,20.8,3
1259,1,8,23,37.86,77.0,29.15,7
1260,2,0,23,2.07,32.1,0.66,7
1261,2,1,23,4.45,32.1,1.43,4
1262,2,2,23,0.49,32.1,0.16,0
1263,2,3,23,3.25,32.1,1.04,7
1264,2,4,23,0.87,32.1,0.28,10
1265,2,5,23,1.94,32.1,0.62,0
1266,2,6,23,4.42,32.1,1.42,6
1267,2,7,23,0.64,32.1,0.21,9
1268,2,8,23,0.14,32.1,0.04,7
1269,3,0,23,0.3,16.05220588,0.05,7
1270,3,1,23,0.3,16.05220588,0.05,4
1271,3,2,23,2.25,16.05220588,0.36,5
1272,3,3,23,0.19,16.05220588,0.03,6
1273,3,4,23,2.82,16.05220588,0.45,1
1274,3,5,23,0.1,16.05220588,0.02,6
1275,3,6,23,0.15,16.05220588,0.02,3
1276,3,7,23,0.09,16.05220588,0.01,10
1277,3,8,23,0.03,16.05220588,0.0,9
1278,4,0,23,0.06,22.6,0.01,8
1279,4,1,23,0.03,22.6,0.01,8
1280,4,2,23,0.18,22.6,0.04,5
1281,4,3,23,0.05,22.6,0.01,3
1282,4,4,23,0.22,22.6,0.05,2
1283,4,5,23,0.02,22.6,0.0,8
1284,4,6,23,0.03,22.6,0.01,7
1285,4,7,23,0.03,22.6,0.01,9
1286,4,8,23,0.01,22.6,0.0,0
1287,5,0,23,0.32,21.70815851,0.07,4
1288,5,1,23,0.37,21.70815851,0.08,9
1289,5,2,23,4.23,21.70815851,0.92,5
1290,5,3,23,6.94,21.70815851,1.51,0
1291,5,4,23,0.99,21.70815851,0.21,2
1292,5,5,23,1.37,21.70815851,0.3,4
1293,5,6,23,1.08,21.70815851,0.23,1
1294,5,7,23,0.23,21.70815851,0.05,0
1295,5,8,23,0.32,21.70815851,0.07,0
1296,0,0,24,57.28,45.5,26.06,7
1297,0,1,24,47.67,45.5,21.69,9
1298,0,2,24,2.83,45.5,1.29,0
1299,0,3,24,17.85,45.5,8.12,2
1300,0,4,24,40.37,45.5,18.37,4
1301,0,5,24,42.5,45.5,19.34,3
1302,0,6,24,28.42,45.5,12.93,8
1303,0,7,24,52.83,45.5,24.04,2
1304,0,8,24,10.57,45.5,4.81,1
1305,1,0,24,26.88,76.1,20.46,6
1306,1,1,24,30.87,76.1,23.49,1
1307,1,2,24,26.71,76.1,20.33,3
1308,1,3,24,41.75,76.1,31.77,8
1309,1,4,24,36.58,76.1,27.84,6
1310,1,5,24,30.88,76.1,23.5,6
1311,1,6,24,44.26,76.1,33.68,10
1312,1,7,24,26.45,76.1,20.13,9
1313,1,8,24,39.1,76.1,29.76,8
1314,2,0,24,2.59,33.7,0.87,9
1315,2,1,24,5.49,33.7,1.85,3
1316,2,2,24,0.46,33.7,0.16,0
1317,2,3,24,3.65,33.7,1.23,4
1318,2,4,24,1.1,33.7,0.37,0
1319,2,5,24,2.57,33.7,0.87,0
1320,2,6,24,5.24,33.7,1.77,7
1321,2,7,24,0.69,33.7,0.23,9
1322,2,8,24,0.14,33.7,0.05,2
1323,3,0,24,0.33,13.6,0.04,1
1324,3,1,24,0.28,13.6,0.04,3
1325,3,2,24,2.15,13.6,0.29,7
1326,3,3,24,0.18,13.6,0.02,5
1327,3,4,24,2.3,13.6,0.31,1
1328,3,5,24,0.09,13.6,0.01,0
1329,3,6,24,0.1,13.6,0.01,4
1330,3,7,24,0.09,13.6,0.01,4
1331,3,8,24,0.02,13.6,0.0,10
1332,4,0,24,0.06,25.8,0.02,7
1333,4,1,24,0.02,25.8,0.01,7
1334,4,2,24,0.14,25.8,0.04,9
1335,4,3,24,0.06,25.8,0.02,7
1336,4,4,24,0.18,25.8,0.05,4
1337,4,5,24,0.02,25.8,0.01,1
1338,4,6,24,0.02,25.8,0.01,8
1339,4,7,24,0.02,25.8,0.01,4
1340,4,8,24,0.0,25.8,0.0,10
1341,5,0,24,0.58,22.61480186,0.13,10
1342,5,1,24,0.42,22.61480186,0.09,7
1343,5,2,24,4.66,22.61480186,1.05,2
1344,5,3,24,7.35,22.61480186,1.66,5
1345,5,4,24,0.89,22.61480186,0.2,8
1346,5,5,24,1.54,22.61480186,0.35,9
1347,5,6,24,1.07,22.61480186,0.24,8
1348,5,7,24,0.31,22.61480186,0.07,4
1349,5,8,24,0.92,22.61480186,0.21,10
1350,0,0,25,56.11,78.3,43.93,5
1351,0,1,25,46.67,78.3,36.54,10
1352,0,2,25,2.3,78.3,1.8,1
1353,0,3,25,18.77,78.3,14.7,2
1354,0,4,25,36.28,78.3,28.41,7
1355,0,5,25,47.44,78.3,37.15,9
1356,0,6,25,29.94,78.3,23.44,3
1357,0,7,25,54.09,78.3,42.35,4
1358,0,8,25,10.71,78.3,8.39,2
1359,1,0,25,26.32,77.5,20.4,7
1360,1,1,25,33.07,77.5,25.63,0
1361,1,2,25,27.23,77.5,21.1,7
1362,1,3,25,41.06,77.5,31.82,6
1363,1,4,25,33.99,77.5,26.34,0
1364,1,5,25,29.66,77.5,22.99,4
1365,1,6,25,44.79,77.5,34.71,2
1366,1,7,25,27.02,77.5,20.94,0
1367,1,8,25,41.71,77.5,32.33,5
1368,2,0,25,3.04,45.4,1.38,6
1369,2,1,25,6.01,45.4,2.73,8
1370,2,2,25,0.55,45.4,0.25,10
1371,2,3,25,3.89,45.4,1.77,1
1372,2,4,25,1.31,45.4,0.59,3
1373,2,5,25,2.14,45.4,0.97,6
1374,2,6,25,5.43,45.4,2.47,2
1375,2,7,25,0.62,45.4,0.28,9
1376,2,8,25,0.14,45.4,0.06,3
1377,3,0,25,0.42,14.3,0.06,1
1378,3,1,25,0.37,14.3,0.05,8
1379,3,2,25,4.96,14.3,0.71,0
1380,3,3,25,0.32,14.3,0.05,4
1381,3,4,25,2.95,14.3,0.42,5
1382,3,5,25,0.14,14.3,0.02,2
1383,3,6,25,0.16,14.3,0.02,7
1384,3,7,25,0.07,14.3,0.01,1
1385,3,8,25,0.04,14.3,0.01,1
1386,4,0,25,0.54,31.6,0.17,9
1387,4,1,25,0.09,31.6,0.03,2
1388,4,2,25,2.35,31.6,0.74,4
1389,4,3,25,0.28,31.6,0.09,6
1390,4,4,25,1.55,31.6,0.49,9
1391,4,5,25,0.03,31.6,0.01,10
1392,4,6,25,0.03,31.6,0.01,4
1393,4,7,25,0.02,31.6,0.01,2
1394,4,8,25,0.01,31.6,0.0,6
1395,5,0,25,0.38,23.52144522,0.09,10
1396,5,1,25,0.37,23.52144522,0.09,8
1397,5,2,25,6.54,23.52144522,1.54,7
1398,5,3,25,7.16,23.52144522,1.68,9
1399,5,4,25,0.99,23.52144522,0.23,6
1400,5,5,25,1.13,23.52144522,0.27,6
1401,5,6,25,0.88,23.52144522,0.21,8
1402,5,7,25,0.27,23.52144522,0.06,7
1403,5,8,25,1.56,23.52144522,0.37,8
1404,0,0,26,57.23,50.8,29.07,5
1405,0,1,26,45.36,50.8,23.04,8
1406,0,2,26,2.43,50.8,1.23,4
1407,0,3,26,18.79,50.8,9.55,1
1408,0,4,26,33.19,50.8,16.86,4
1409,0,5,26,48.86,50.8,24.82,6
1410,0,6,26,30.2,50.8,15.34,3
1411,0,7,26,53.82,50.8,27.34,4
1412,0,8,26,10.64,50.8,5.41,10
1413,1,0,26,25.89,80.1,20.74,3
1414,1,1,26,35.3,80.1,28.28,9
1415,1,2,26,26.49,80.1,21.22,7
1416,1,3,26,38.92,80.1,31.17,4
1417,1,4,26,31.59,80.1,25.3,0
1418,1,5,26,30.01,80.1,24.04,9
1419,1,6,26,44.88,80.1,35.95,0
1420,1,7,26,27.29,80.1,21.86,6
1421,1,8,26,42.42,80.1,33.98,8
1422,2,0,26,3.5,34.5,1.21,5
1423,2,1,26,6.9,34.5,2.38,5
1424,2,2,26,0.75,34.5,0.26,0
1425,2,3,26,3.96,34.5,1.37,4
1426,2,4,26,1.6,34.5,0.55,10
1427,2,5,26,2.43,34.5,0.84,0
1428,2,6,26,6.14,34.5,2.12,0
1429,2,7,26,0.61,34.5,0.21,8
1430,2,8,26,0.21,34.5,0.07,4
1431,3,0,26,0.58,14.8,0.09,6
1432,3,1,26,0.44,14.8,0.07,8
1433,3,2,26,6.33,14.8,0.94,3
1434,3,3,26,0.48,14.8,0.07,6
1435,3,4,26,3.62,14.8,0.54,5
1436,3,5,26,0.18,14.8,0.03,6
1437,3,6,26,0.24,14.8,0.04,8
1438,3,7,26,0.08,14.8,0.01,9
1439,3,8,26,0.08,14.8,0.01,2
1440,4,0,26,1.13,25.8,0.29,3
1441,4,1,26,0.15,25.8,0.04,6
1442,4,2,26,3.94,25.8,1.02,7
1443,4,3,26,0.5,25.8,0.13,0
1444,4,4,26,2.85,25.8,0.74,8
1445,4,5,26,0.04,25.8,0.01,7
1446,4,6,26,0.05,25.8,0.01,8
1447,4,7,26,0.04,25.8,0.01,0
1448,4,8,26,0.01,25.8,0.0,3
1449,5,0,26,0.41,23.2,0.1,7
1450,5,1,26,0.46,23.2,0.11,1
1451,5,2,26,7.0,23.2,1.62,9
1452,5,3,26,7.52,23.2,1.74,4
1453,5,4,26,0.91,23.2,0.21,9
1454,5,5,26,1.25,23.2,0.29,1
1455,5,6,26,0.95,23.2,0.22,9
1456,5,7,26,0.24,23.2,0.06,7
1457,5,8,26,2.08,23.2,0.48,0
1458,0,0,27,56.2,41.0,23.04,4
1459,0,1,27,45.58,41.0,18.69,2
1460,0,2,27,2.66,41.0,1.09,7
1461,0,3,27,18.45,41.0,7.56,10
1462,0,4,27,32.9,41.0,13.49,1
1463,0,5,27,49.14,41.0,20.15,4
1464,0,6,27,29.42,41.0,12.06,7
1465,0,7,27,53.47,41.0,21.92,3
1466,0,8,27,10.92,41.0,4.48,1
1467,1,0,27,24.5,79.8,19.55,6
1468,1,1,27,34.32,79.8,27.39,0
1469,1,2,27,25.37,79.8,20.25,10
1470,1,3,27,37.49,79.8,29.92,8
1471,1,4,27,32.41,79.8,25.86,4
1472,1,5,27,30.29,79.8,24.17,1
1473,1,6,27,45.07,79.8,35.97,6
1474,1,7,27,26.87,79.8,21.44,9
1475,1,8,27,42.11,79.8,33.6,8
1476,2,0,27,3.83,38.5,1.47,8
1477,2,1,27,7.46,38.5,2.87,3
1478,2,2,27,0.84,38.5,0.32,7
1479,2,3,27,4.2,38.5,1.62,0
1480,2,4,27,2.1,38.5,0.81,1
1481,2,5,27,2.74,38.5,1.05,10
1482,2,6,27,6.87,38.5,2.64,3
1483,2,7,27,0.69,38.5,0.27,0
1484,2,8,27,0.23,38.5,0.09,5
1485,3,0,27,0.71,21.4,0.15,4
1486,3,1,27,0.51,21.4,0.11,10
1487,3,2,27,8.07,21.4,1.73,0
1488,3,3,27,0.71,21.4,0.15,4
1489,3,4,27,4.45,21.4,0.95,9
1490,3,5,27,0.23,21.4,0.05,10
1491,3,6,27,0.32,21.4,0.07,9
1492,3,7,27,0.13,21.4,0.03,7
1493,3,8,27,0.14,21.4,0.03,0
1494,4,0,27,1.54,28.0,0.43,3
1495,4,1,27,0.26,28.0,0.07,7
1496,4,2,27,4.93,28.0,1.38,3
1497,4,3,27,0.77,28.0,0.22,8
1498,4,4,27,3.85,28.0,1.08,10
1499,4,5,27,0.06,28.0,0.02,9
1500,4,6,27,0.06,28.0,0.02,7
1501,4,7,27,0.06,28.0,0.02,1
1502,4,8,27,0.01,28.0,0.0,7
1503,5,0,27,0.46,24.35226107,0.11,5
1504,5,1,27,0.49,24.35226107,0.12,4
1505,5,2,27,6.95,24.35226107,1.69,7
1506,5,3,27,7.78,24.35226107,1.89,10
1507,5,4,27,1.0,24.35226107,0.24,8
1508,5,5,27,1.26,24.35226107,0.31,6
1509,5,6,27,0.99,24.35226107,0.24,9
1510,5,7,27,0.28,24.35226107,0.07,4
1511,5,8,27,2.33,24.35226107,0.57,10
1512,0,0,28,55.27,46.7,25.81,7
1513,0,1,28,43.63,46.7,20.38,2
1514,0,2,28,2.86,46.7,1.34,9
1515,0,3,28,17.72,46.7,8.28,9
1516,0,4,28,31.12,46.7,14.53,2
1517,0,5,28,47.15,46.7,22.02,0
1518,0,6,28,28.92,46.7,13.51,7
1519,0,7,28,53.37,46.7,24.92,8
1520,0,8,28,9.56,46.7,4.46,10
1521,1,0,28,25.56,83.3,21.29,8
1522,1,1,28,35.4,83.3,29.49,2
1523,1,2,28,24.77,83.3,20.63,1
1524,1,3,28,36.98,83.3,30.8,8
1525,1,4,28,33.75,83.3,28.11,5
1526,1,5,28,31.94,83.3,26.61,2
1527,1,6,28,45.14,83.3,37.6,5
1528,1,7,28,27.0,83.3,22.49,3
1529,1,8,28,43.21,83.3,35.99,1
1530,2,0,28,4.19,39.1,1.64,4
1531,2,1,28,8.03,39.1,3.14,2
1532,2,2,28,0.97,39.1,0.38,10
1533,2,3,28,4.45,39.1,1.74,6
1534,2,4,28,2.55,39.1,1.0,7
1535,2,5,28,3.09,39.1,1.21,8
1536,2,6,28,7.63,39.1,2.98,0
1537,2,7,28,0.72,39.1,0.28,4
1538,2,8,28,0.21,39.1,0.08,6
1539,3,0,28,0.83,28.3,0.23,1
1540,3,1,28,0.64,28.3,0.18,3
1541,3,2,28,9.83,28.3,2.78,7
1542,3,3,28,1.07,28.3,0.3,5
1543,3,4,28,5.38,28.3,1.52,2
1544,3,5,28,0.31,28.3,0.09,4
1545,3,6,28,0.39,28.3,0.11,2
1546,3,7,28,0.16,28.3,0.05,10
1547,3,8,28,0.17,28.3,0.05,2
1548,4,0,28,1.98,30.6,0.61,6
1549,4,1,28,0.39,30.6,0.12,0
1550,4,2,28,5.81,30.6,1.78,4
1551,4,3,28,1.11,30.6,0.34,2
1552,4,4,28,4.34,30.6,1.33,1
1553,4,5,28,0.08,30.6,0.02,9
1554,4,6,28,0.06,30.6,0.02,7
1555,4,7,28,0.09,30.6,0.03,5
1556,4,8,28,0.01,30.6,0.0,5
1557,5,0,28,0.49,25.01328671,0.12,8
1558,5,1,28,0.57,25.01328671,0.14,5
1559,5,2,28,6.73,25.01328671,1.68,9
1560,5,3,28,7.91,25.01328671,1.98,3
1561,5,4,28,1.13,25.01328671,0.28,9
1562,5,5,28,1.36,25.01328671,0.34,0
1563,5,6,28,1.06,25.01328671,0.27,7
1564,5,7,28,0.3,25.01328671,0.08,10
1565,5,8,28,2.3,25.01328671,0.58,2
1566,0,0,29,56.15,77.3,43.4,3
1567,0,1,29,45.9,77.3,35.48,0
1568,0,2,29,3.32,77.3,2.57,1
1569,0,3,29,18.6,77.3,14.38,8
1570,0,4,29,16.33,77.3,12.62,10
1571,0,5,29,50.81,77.3,39.28,9
1572,0,6,29,32.13,77.3,24.84,6
1573,0,7,29,54.92,77.3,42.45,4
1574,0,8,29,9.79,77.3,7.57,4
1575,1,0,29,24.22,74.5,18.04,3
1576,1,1,29,33.21,74.5,24.74,9
1577,1,2,29,24.85,74.5,18.51,8
1578,1,3,29,35.78,74.5,26.66,2
1579,1,4,29,29.79,74.5,22.19,3
1580,1,5,29,29.48,74.5,21.96,8
1581,1,6,29,42.54,74.5,31.69,0
1582,1,7,29,25.26,74.5,18.82,4
1583,1,8,29,42.66,74.5,31.78,7
1584,2,0,29,4.47,42.1,1.88,0
1585,2,1,29,8.28,42.1,3.49,4
1586,2,2,29,1.06,42.1,0.45,4
1587,2,3,29,5.2,42.1,2.19,10
1588,2,4,29,1.74,42.1,0.73,8
1589,2,5,29,3.26,42.1,1.37,5
1590,2,6,29,8.29,42.1,3.49,8
1591,2,7,29,0.77,42.1,0.32,8
1592,2,8,29,0.21,42.1,0.09,2
1593,3,0,29,0.89,28.2,0.25,0
1594,3,1,29,0.81,28.2,0.23,10
1595,3,2,29,11.15,28.2,3.14,9
1596,3,3,29,1.6,28.2,0.45,8
1597,3,4,29,9.77,28.2,2.76,6
1598,3,5,29,0.37,28.2,0.1,7
1599,3,6,29,0.48,28.2,0.14,7
1600,3,7,29,0.28,28.2,0.08,3
1601,3,8,29,0.26,28.2,0.07,5
1602,4,0,29,2.18,27.3,0.6,6
1603,4,1,29,0.62,27.3,0.17,10
1604,4,2,29,5.86,27.3,1.6,3
1605,4,3,29,1.47,27.3,0.4,7
1606,4,4,29,6.93,27.3,1.89,7
1607,4,5,29,0.08,27.3,0.02,7
1608,4,6,29,0.06,27.3,0.02,6
1609,4,7,29,0.13,27.3,0.04,9
1610,4,8,29,0.01,27.3,0.0,3
1611,5,0,29,0.49,25.67431235,0.13,8
1612,5,1,29,0.52,25.67431235,0.13,2
1613,5,2,29,6.34,25.67431235,1.63,7
1614,5,3,29,7.04,25.67431235,1.81,4
1615,5,4,29,2.17,25.67431235,0.56,9
1616,5,5,29,1.3,25.67431235,0.33,0
1617,5,6,29,0.97,25.67431235,0.25,4
1618,5,7,29,0.35,25.67431235,0.09,0
1619,5,8,29,2.13,25.67431235,0.55,7
1620,0,0,30,55.56,52.2,29.0,6
1621,0,1,30,46.65,52.2,24.35,10
1622,0,2,30,3.18,52.2,1.66,5
1623,0,3,30,17.26,52.2,9.01,10
1624,0,4,30,10.0,52.2,5.22,3
1625,0,5,30,51.54,52.2,26.9,4
1626,0,6,30,32.94,52.2,17.19,3
1627,0,7,30,54.55,52.2,28.48,6
1628,0,8,30,10.68,52.2,5.57,4
1629,1,0,30,22.69,78.2,17.74,4
1630,1,1,30,30.83,78.2,24.11,8
1631,1,2,30,24.68,78.2,19.3,9
1632,1,3,30,33.19,78.2,25.95,3
1633,1,4,30,27.62,78.2,21.6,3
1634,1,5,30,28.88,78.2,22.58,7
1635,1,6,30,41.11,78.2,32.15,4
1636,1,7,30,25.2,78.2,19.71,1
1637,1,8,30,42.34,78.2,33.11,3
1638,2,0,30,5.43,39.3,2.13,6
1639,2,1,30,9.45,39.3,3.71,0
1640,2,2,30,1.12,39.3,0.44,2
1641,2,3,30,5.53,39.3,2.17,8
1642,2,4,30,1.37,39.3,0.54,10
1643,2,5,30,3.72,39.3,1.46,7
1644,2,6,30,9.68,39.3,3.8,0
1645,2,7,30,0.89,39.3,0.35,3
1646,2,8,30,0.23,39.3,0.09,8
1647,3,0,30,1.08,27.8,0.3,0
1648,3,1,30,1.28,27.8,0.36,2
1649,3,2,30,12.06,27.8,3.35,8
1650,3,3,30,1.97,27.8,0.55,4
1651,3,4,30,11.97,27.8,3.33,1
1652,3,5,30,0.45,27.8,0.13,9
1653,3,6,30,0.61,27.8,0.17,8
1654,3,7,30,0.3,27.8,0.08,1
1655,3,8,30,0.38,27.8,0.11,0
1656,4,0,30,2.48,24.6,0.61,3
1657,4,1,30,1.19,24.6,0.29,3
1658,4,2,30,5.72,24.6,1.41,3
1659,4,3,30,1.47,24.6,0.36,7
1660,4,4,30,7.32,24.6,1.8,2
1661,4,5,30,0.09,24.6,0.02,7
1662,4,6,30,0.06,24.6,0.01,2
1663,4,7,30,0.13,24.6,0.03,6
1664,4,8,30,0.01,24.6,0.0,9
1665,5,0,30,0.56,26.335338,0.15,2
1666,5,1,30,0.59,26.335338,0.16,7
1667,5,2,30,6.05,26.335338,1.59,7
1668,5,3,30,6.62,26.335338,1.74,8
1669,5,4,30,3.07,26.335338,0.81,2
1670,5,5,30,1.3,26.335338,0.34,6
1671,5,6,30,0.91,26.335338,0.24,5
1672,5,7,30,0.5,26.335338,0.13,3
1673,5,8,30,2.02,26.335338,0.53,2
1674,0,0,31,53.05,41.3,21.91,2
1675,0,1,31,46.98,41.3,19.4,2
1676,0,2,31,2.78,41.3,1.15,9
1677,0,3,31,17.64,41.3,7.29,3
1678,0,4,31,8.22,41.3,3.39,10
1679,0,5,31,48.46,41.3,20.01,7
1680,0,6,31,29.08,41.3,12.01,4
1681,0,7,31,53.87,41.3,22.25,6
1682,0,8,31,11.65,41.3,4.81,5
1683,1,0,31,22.84,71.5,16.33,6
1684,1,1,31,30.13,71.5,21.54,10
1685,1,2,31,24.2,71.5,17.3,4
1686,1,3,31,32.58,71.5,23.29,4
1687,1,4,31,25.5,71.5,18.23,2
1688,1,5,31,29.65,71.5,21.2,0
1689,1,6,31,41.98,71.5,30.02,9
1690,1,7,31,25.41,71.5,18.17,7
1691,1,8,31,42.14,71.5,30.13,5
1692,2,0,31,5.74,54.2,3.11,10
1693,2,1,31,9.15,54.2,4.96,9
1694,2,2,31,1.7,54.2,0.92,6
1695,2,3,31,6.04,54.2,3.27,0
1696,2,4,31,1.6,54.2,0.87,2
1697,2,5,31,4.86,54.2,2.63,9
1698,2,6,31,11.03,54.2,5.98,7
1699,2,7,31,1.03,54.2,0.56,0
1700,2,8,31,0.22,54.2,0.12,1
1701,3,0,31,1.31,32.4,0.42,10
1702,3,1,31,1.46,32.4,0.47,0
1703,3,2,31,16.29,32.4,5.28,6
1704,3,3,31,2.76,32.4,0.89,0
1705,3,4,31,16.78,32.4,5.44,4
1706,3,5,31,0.61,32.4,0.2,6
1707,3,6,31,0.75,32.4,0.24,0
1708,3,7,31,0.41,32.4,0.13,6
1709,3,8,31,0.56,32.4,0.18,1
1710,4,0,31,2.89,29.4,0.85,6
1711,4,1,31,1.6,29.4,0.47,8
1712,4,2,31,6.55,29.4,1.93,8
1713,4,3,31,2.08,29.4,0.61,5
1714,4,4,31,7.91,29.4,2.33,3
1715,4,5,31,0.13,29.4,0.04,1
1716,4,6,31,0.07,29.4,0.02,0
1717,4,7,31,0.16,29.4,0.05,8
1718,4,8,31,0.01,29.4,0.0,1
1719,5,0,31,0.53,26.99636364,0.14,10
1720,5,1,31,0.59,26.99636364,0.16,0
1721,5,2,31,5.32,26.99636364,1.44,3
1722,5,3,31,5.57,26.99636364,1.5,7
1723,5,4,31,2.8,26.99636364,0.76,8
1724,5,5,31,1.43,26.99636364,0.39,2
1725,5,6,31,1.01,26.99636364,0.27,1
1726,5,7,31,0.27,26.99636364,0.07,7
1727,5,8,31,1.9,26.99636364,0.51,10
1728,0,0,32,56.5,46.9,26.5,1
1729,0,1,32,47.8,46.9,22.42,8
1730,0,2,32,2.97,46.9,1.39,6
1731,0,3,32,18.56,46.9,8.7,6
1732,0,4,32,15.05,46.9,7.06,6
1733,0,5,32,48.03,46.9,22.53,10
1734,0,6,32,27.13,46.9,12.72,2
1735,0,7,32,52.99,46.9,24.85,2
1736,0,8,32,11.64,46.9,5.46,9
1737,1,0,32,22.42,72.2,16.19,1
1738,1,1,32,29.05,72.2,20.97,8
1739,1,2,32,23.89,72.2,17.25,10
1740,1,3,32,36.9,72.2,26.64,2
1741,1,4,32,25.22,72.2,18.21,2
1742,1,5,32,29.64,72.2,21.4,4
1743,1,6,32,41.97,72.2,30.3,9
1744,1,7,32,25.5,72.2,18.41,10
1745,1,8,32,42.42,72.2,30.63,9
1746,2,0,32,5.77,52.0,3.0,6
1747,2,1,32,9.68,52.0,5.03,0
1748,2,2,32,2.22,52.0,1.15,5
1749,2,3,32,8.0,52.0,4.16,6
1750,2,4,32,2.63,52.0,1.37,7
1751,2,5,32,5.67,52.0,2.95,3
1752,2,6,32,12.45,52.0,6.47,7
1753,2,7,32,0.97,52.0,0.5,3
1754,2,8,32,0.3,52.0,0.16,9
1755,3,0,32,1.32,34.3,0.45,4
1756,3,1,32,1.43,34.3,0.49,2
1757,3,2,32,19.96,34.3,6.85,6
1758,3,3,32,4.38,34.3,1.5,7
1759,3,4,32,16.49,34.3,5.66,2
1760,3,5,32,0.69,34.3,0.24,0
1761,3,6,32,0.98,34.3,0.34,7
1762,3,7,32,0.4,34.3,0.14,8
1763,3,8,32,0.85,34.3,0.29,7
1764,4,0,32,3.27,29.9,0.98,10
1765,4,1,32,1.74,29.9,0.52,9
1766,4,2,32,7.39,29.9,2.21,10
1767,4,3,32,2.86,29.9,0.86,2
1768,4,4,32,7.66,29.9,2.29,7
1769,4,5,32,0.12,29.9,0.04,5
1770,4,6,32,0.09,29.9,0.03,1
1771,4,7,32,0.15,29.9,0.04,0
1772,4,8,32,0.02,29.9,0.01,10
1773,5,0,32,0.45,27.37095571,0.12,5
1774,5,1,32,0.52,27.37095571,0.14,3
1775,5,2,32,4.69,27.37095571,1.28,3
1776,5,3,32,4.62,27.37095571,1.26,10
1777,5,4,32,2.12,27.37095571,0.58,2
1778,5,5,32,1.41,27.37095571,0.39,9
1779,5,6,32,0.99,27.37095571,0.27,3
1780,5,7,32,0.22,27.37095571,0.06,6
1781,5,8,32,1.82,27.37095571,0.5,3
1782,0,0,33,62.48,68.4,42.74,0
1783,0,1,33,53.83,68.4,36.82,5
1784,0,2,33,2.83,68.4,1.94,2
1785,0,3,33,21.91,68.4,14.99,4
1786,0,4,33,44.06,68.4,30.14,4
1787,0,5,33,55.13,68.4,37.71,10
1788,0,6,33,32.58,68.4,22.28,2
1789,0,7,33,58.21,68.4,39.82,7
1790,0,8,33,14.5,68.4,9.92,7
1791,1,0,33,19.98,70.4,14.07,0
1792,1,1,33,24.86,70.4,17.5,0
1793,1,2,33,24.08,70.4,16.95,1
1794,1,3,33,37.44,70.4,26.36,8
1795,1,4,33,26.17,70.4,18.42,8
1796,1,5,33,25.68,70.4,18.08,3
1797,1,6,33,40.16,70.4,28.27,6
1798,1,7,33,22.65,70.4,15.95,7
1799,1,8,33,38.85,70.4,27.35,7
1800,2,0,33,5.03,60.5,3.04,0
1801,2,1,33,9.8,60.5,5.93,3
1802,2,2,33,2.38,60.5,1.44,9
1803,2,3,33,8.93,60.5,5.4,6
1804,2,4,33,6.48,60.5,3.92,10
1805,2,5,33,5.2,60.5,3.15,5
1806,2,6,33,11.75,60.5,7.11,2
1807,2,7,33,0.78,60.5,0.47,4
1808,2,8,33,0.3,60.5,0.18,7
1809,3,0,33,1.37,28.6,0.39,6
1810,3,1,33,1.56,28.6,0.45,3
1811,3,2,33,20.97,28.6,6.0,9
1812,3,3,33,5.91,28.6,1.69,10
1813,3,4,33,7.37,28.6,2.11,4
1814,3,5,33,0.77,28.6,0.22,7
1815,3,6,33,1.25,28.6,0.36,7
1816,3,7,33,0.69,28.6,0.2,0
1817,3,8,33,1.3,28.6,0.37,4
1818,4,0,33,2.8,29.2,0.82,6
1819,4,1,33,1.34,29.2,0.39,6
1820,4,2,33,8.13,29.2,2.37,8
1821,4,3,33,3.48,29.2,1.02,8
1822,4,4,33,5.47,29.2,1.6,4
1823,4,5,33,0.14,29.2,0.04,7
1824,4,6,33,0.14,29.2,0.04,5
1825,4,7,33,0.21,29.2,0.06,9
1826,4,8,33,0.05,29.2,0.01,2
1827,5,0,33,0.43,28.06302183,0.12,10
1828,5,1,33,0.52,28.06302183,0.15,5
1829,5,2,33,4.19,28.06302183,1.18,5
1830,5,3,33,4.05,28.06302183,1.14,9
1831,5,4,33,0.5,28.06302183,0.14,2
1832,5,5,33,1.27,28.06302183,0.36,5
1833,5,6,33,0.97,28.06302183,0.27,1
1834,5,7,33,0.2,28.06302183,0.06,0
1835,5,8,33,1.88,28.06302183,0.53,9
1836,0,0,34,58.16,36.4,21.17,7
1837,0,1,34,48.83,36.4,17.77,5
1838,0,2,34,2.78,36.4,1.01,7
1839,0,3,34,20.85,36.4,7.59,10
1840,0,4,34,40.97,36.4,14.91,2
1841,0,5,34,50.72,36.4,18.46,10
1842,0,6,34,29.43,36.4,10.71,2
1843,0,7,34,56.38,36.4,20.52,0
1844,0,8,34,14.17,36.4,5.16,4
1845,1,0,34,24.03,71.9,17.28,3
1846,1,1,34,28.96,71.9,20.82,10
1847,1,2,34,24.18,71.9,17.39,0
1848,1,3,34,39.26,71.9,28.23,5
1849,1,4,34,28.67,71.9,20.61,9
1850,1,5,34,29.79,71.9,21.42,0
1851,1,6,34,43.12,71.9,31.0,4
1852,1,7,34,25.38,71.9,18.25,5
1853,1,8,34,42.0,71.9,30.2,2
1854,2,0,34,5.35,59.1,3.16,10
1855,2,1,34,11.07,59.1,6.54,6
1856,2,2,34,2.47,59.1,1.46,3
1857,2,3,34,10.41,59.1,6.15,6
1858,2,4,34,8.55,59.1,5.05,0
1859,2,5,34,6.67,59.1,3.94,10
1860,2,6,34,13.67,59.1,8.08,2
1861,2,7,34,0.79,59.1,0.47,4
1862,2,8,34,0.3,59.1,0.18,7
1863,3,0,34,1.43,25.0,0.36,0
1864,3,1,34,1.79,25.0,0.45,2
1865,3,2,34,21.65,25.0,5.41,4
1866,3,3,34,6.47,25.0,1.62,9
1867,3,4,34,7.35,25.0,1.84,10
1868,3,5,34,0.86,25.0,0.21,8
1869,3,6,34,1.45,25.0,0.36,10
1870,3,7,34,0.83,25.0,0.21,10
1871,3,8,34,1.9,25.0,0.47,0
1872,4,0,34,3.21,23.1,0.74,2
1873,4,1,34,1.53,23.1,0.35,1
1874,4,2,34,9.31,23.1,2.15,3
1875,4,3,34,3.62,23.1,0.84,7
1876,4,4,34,5.33,23.1,1.23,5
1877,4,5,34,0.11,23.1,0.03,4
1878,4,6,34,0.12,23.1,0.03,9
1879,4,7,34,0.29,23.1,0.07,5
1880,4,8,34,0.02,23.1,0.0,0
1881,5,0,34,0.4,28.75508794,0.12,8
1882,5,1,34,0.47,28.75508794,0.14,3
1883,5,2,34,3.61,28.75508794,1.04,2
1884,5,3,34,3.56,28.75508794,1.02,1
1885,5,4,34,0.43,28.75508794,0.12,6
1886,5,5,34,0.94,28.75508794,0.27,2
1887,5,6,34,0.83,28.75508794,0.24,4
1888,5,7,34,0.21,28.75508794,0.06,6
1889,5,8,34,1.56,28.75508794,0.45,8
1890,0,0,35,56.98,33.8,19.26,4
1891,0,1,35,45.16,33.8,15.26,10
1892,0,2,35,2.76,33.8,0.93,1
1893,0,3,35,20.76,33.8,7.02,8
1894,0,4,35,38.85,33.8,13.13,1
1895,0,5,35,48.88,33.8,16.52,8
1896,0,6,35,28.03,33.8,9.47,1
1897,0,7,35,53.74,33.8,18.16,6
1898,0,8,35,13.4,33.8,4.53,2
1899,1,0,35,23.12,75.5,17.46,5
1900,1,1,35,28.29,75.5,21.36,1
1901,1,2,35,22.93,75.5,17.31,7
1902,1,3,35,40.79,75.5,30.8,6
1903,1,4,35,28.04,75.5,21.17,9
1904,1,5,35,29.4,75.5,22.2,5
1905,1,6,35,42.36,75.5,31.98,9
1906,1,7,35,25.73,75.5,19.43,4
1907,1,8,35,43.14,75.5,32.57,0
1908,2,0,35,6.72,58.7,3.94,5
1909,2,1,35,14.02,58.7,8.23,9
1910,2,2,35,2.74,58.7,1.61,6
1911,2,3,35,12.38,58.7,7.27,4
1912,2,4,35,10.88,58.7,6.39,6
1913,2,5,35,7.9,58.7,4.64,3
1914,2,6,35,14.63,58.7,8.59,0
1915,2,7,35,0.95,58.7,0.56,1
1916,2,8,35,0.32,58.7,0.19,10
1917,3,0,35,1.48,32.3,0.48,1
1918,3,1,35,2.03,32.3,0.66,1
1919,3,2,35,22.12,32.3,7.14,7
1920,3,3,35,5.14,32.3,1.66,10
1921,3,4,35,6.88,32.3,2.22,9
1922,3,5,35,0.98,32.3,0.32,4
1923,3,6,35,1.75,32.3,0.57,5
1924,3,7,35,0.7,32.3,0.23,7
1925,3,8,35,2.58,32.3,0.83,0
1926,4,0,35,3.53,29.5,1.04,2
1927,4,1,35,1.99,29.5,0.59,3
1928,4,2,35,9.63,29.5,2.84,7
1929,4,3,35,3.0,29.5,0.89,4
1930,4,4,35,6.12,29.5,1.81,0
1931,4,5,35,0.14,29.5,0.04,3
1932,4,6,35,0.16,29.5,0.05,9
1933,4,7,35,0.3,29.5,0.09,8
1934,4,8,35,0.03,29.5,0.01,8
1935,5,0,35,0.39,29.44715406,0.11,5
1936,5,1,35,0.49,29.44715406,0.14,10
1937,5,2,35,3.22,29.44715406,0.95,4
1938,5,3,35,2.91,29.44715406,0.86,9
1939,5,4,35,0.34,29.44715406,0.1,0
1940,5,5,35,0.87,29.44715406,0.26,8
1941,5,6,35,0.76,29.44715406,0.22,1
1942,5,7,35,0.18,29.44715406,0.05,0
1943,5,8,35,1.27,29.44715406,0.37,2
1944,0,0,36,55.62,46.6,25.92,4
1945,0,1,36,44.65,46.6,20.81,7
1946,0,2,36,2.64,46.6,1.23,9
1947,0,3,36,21.64,46.6,10.08,10
1948,0,4,36,37.28,46.6,17.37,3
1949,0,5,36,47.6,46.6,22.18,4
1950,0,6,36,26.63,46.6,12.41,7
1951,0,7,36,55.62,46.6,25.92,8
1952,0,8,36,13.84,46.6,6.45,5
1953,1,0,36,22.98,78.2,17.97,6
1954,1,1,36,27.21,78.2,21.28,7
1955,1,2,36,23.12,78.2,18.08,10
1956,1,3,36,39.28,78.2,30.72,6
1957,1,4,36,28.48,78.2,22.27,5
1958,1,5,36,30.16,78.2,23.59,3
1959,1,6,36,44.01,78.2,34.42,2
1960,1,7,36,24.68,78.2,19.3,4
1961,1,8,36,43.81,78.2,34.26,3
1962,2,0,36,8.11,66.6,5.4,1
1963,2,1,36,16.18,66.6,10.78,5
1964,2,2,36,2.75,66.6,1.83,6
1965,2,3,36,12.63,66.6,8.41,7
1966,2,4,36,12.11,66.6,8.07,6
1967,2,5,36,8.65,66.6,5.76,7
1968,2,6,36,15.02,66.6,10.0,4
1969,2,7,36,1.08,66.6,0.72,9
1970,2,8,36,0.33,66.6,0.22,10
1971,3,0,36,1.65,32.7,0.54,2
1972,3,1,36,2.09,32.7,0.68,0
1973,3,2,36,23.05,32.7,7.54,0
1974,3,3,36,6.07,32.7,1.98,0
1975,3,4,36,6.99,32.7,2.29,4
1976,3,5,36,1.15,32.7,0.38,9
1977,3,6,36,2.03,32.7,0.66,10
1978,3,7,36,0.75,32.7,0.25,8
1979,3,8,36,3.58,32.7,1.17,8
1980,4,0,36,3.65,31.2,1.14,4
1981,4,1,36,2.11,31.2,0.66,0
1982,4,2,36,9.73,31.2,3.04,10
1983,4,3,36,3.32,31.2,1.04,1
1984,4,4,36,6.08,31.2,1.9,10
1985,4,5,36,0.17,31.2,0.05,10
1986,4,6,36,0.18,31.2,0.06,8
1987,4,7,36,0.27,31.2,0.08,4
1988,4,8,36,0.03,31.2,0.01,5
1989,5,0,36,0.43,30.13922017,0.13,0
1990,5,1,36,0.49,30.13922017,0.15,6
1991,5,2,36,2.72,30.13922017,0.82,8
1992,5,3,36,2.62,30.13922017,0.79,10
1993,5,4,36,0.31,30.13922017,0.09,4
1994,5,5,36,0.86,30.13922017,0.26,10
1995,5,6,36,0.71,30.13922017,0.21,0
1996,5,7,36,0.17,30.13922017,0.05,2
1997,5,8,36,1.04,30.13922017,0.31,5
1998,0,0,37,52.32,73.8,38.61,2
1999,0,1,37,46.95,73.8,34.65,7
2000,0,2,37,2.46,73.8,1.82,6
2001,0,3,37,21.33,73.8,15.74,7
2002,0,4,37,33.83,73.8,24.97,1
2003,0,5,37,49.61,73.8,36.61,6
2004,0,6,37,28.47,73.8,21.01,3
2005,0,7,37,55.2,73.8,40.74,7
2006,0,8,37,11.92,73.8,8.8,2
2007,1,0,37,25.27,69.4,17.54,4
2008,1,1,37,26.89,69.4,18.66,4
2009,1,2,37,22.1,69.4,15.34,0
2010,1,3,37,38.4,69.4,26.65,2
2011,1,4,37,29.78,69.4,20.67,0
2012,1,5,37,28.66,69.4,19.89,9
2013,1,6,37,41.64,69.4,28.9,0
2014,1,7,37,26.7,69.4,18.53,1
2015,1,8,37,45.64,69.4,31.67,2
2016,2,0,37,9.29,56.2,5.22,6
2017,2,1,37,15.62,56.2,8.78,6
2018,2,2,37,2.72,56.2,1.53,5
2019,2,3,37,14.36,56.2,8.07,8
2020,2,4,37,14.26,56.2,8.01,10
2021,2,5,37,9.53,56.2,5.36,4
2022,2,6,37,16.34,56.2,9.18,9
2023,2,7,37,1.06,56.2,0.6,0
2024,2,8,37,0.37,56.2,0.21,1
2025,3,0,37,1.54,32.8,0.51,2
2026,3,1,37,1.76,32.8,0.58,7
2027,3,2,37,24.24,32.8,7.95,0
2028,3,3,37,7.12,32.8,2.34,0
2029,3,4,37,6.92,32.8,2.27,1
2030,3,5,37,1.18,32.8,0.39,7
2031,3,6,37,2.34,32.8,0.77,2
2032,3,7,37,0.57,32.8,0.19,4
2033,3,8,37,5.37,32.8,1.76,9
2034,4,0,37,3.72,30.6,1.14,8
2035,4,1,37,1.97,30.6,0.6,10
2036,4,2,37,10.43,30.6,3.19,3
2037,4,3,37,3.81,30.6,1.17,10
2038,4,4,37,6.33,30.6,1.94,3
2039,4,5,37,0.21,30.6,0.06,3
2040,4,6,37,0.23,30.6,0.07,0
2041,4,7,37,0.19,30.6,0.06,10
2042,4,8,37,0.03,30.6,0.01,9
2043,5,0,37,0.38,30.83128629,0.12,1
2044,5,1,37,0.42,30.83128629,0.13,4
2045,5,2,37,2.23,30.83128629,0.69,3
2046,5,3,37,2.12,30.83128629,0.65,6
2047,5,4,37,0.24,30.83128629,0.07,1
2048,5,5,37,0.69,30.83128629,0.21,4
2049,5,6,37,0.6,30.83128629,0.18,7
2050,5,7,37,0.12,30.83128629,0.04,9
2051,5,8,37,0.8,30.83128629,0.25,2
2052,0,0,38,53.99,36.7,19.81,7
2053,0,1,38,41.68,36.7,15.3,9
2054,0,2,38,3.04,36.7,1.12,6
2055,0,3,38,24.99,36.7,9.17,5
2056,0,4,38,33.76,36.7,12.39,4
2057,0,5,38,50.73,36.7,18.62,2
2058,0,6,38,29.01,36.7,10.65,4
2059,0,7,38,58.7,36.7,21.54,1
2060,0,8,38,12.81,36.7,4.7,3
2061,1,0,38,24.21,58.3,14.11,1
2062,1,1,38,26.78,58.3,15.61,3
2063,1,2,38,21.06,58.3,12.28,0
2064,1,3,38,37.19,58.3,21.68,10
2065,1,4,38,29.75,58.3,17.34,5
2066,1,5,38,27.64,58.3,16.11,5
2067,1,6,38,40.75,58.3,23.76,0
2068,1,7,38,25.01,58.3,14.58,7
2069,1,8,38,45.65,58.3,26.61,2
2070,2,0,38,9.58,49.0,4.69,1
2071,2,1,38,20.01,49.0,9.8,0
2072,2,2,38,2.66,49.0,1.3,5
2073,2,3,38,13.98,49.0,6.85,6
2074,2,4,38,15.06,49.0,7.38,2
2075,2,5,38,9.71,49.0,4.76,6
2076,2,6,38,16.78,49.0,8.22,4
2077,2,7,38,1.04,49.0,0.51,0
2078,2,8,38,0.38,49.0,0.19,5
2079,3,0,38,1.54,29.5,0.45,4
2080,3,1,38,2.35,29.5,0.69,5
2081,3,2,38,25.41,29.5,7.5,1
2082,3,3,38,7.15,29.5,2.11,1
2083,3,4,38,6.37,29.5,1.88,4
2084,3,5,38,1.35,29.5,0.4,6
2085,3,6,38,2.75,29.5,0.81,4
2086,3,7,38,0.52,29.5,0.15,10
2087,3,8,38,6.75,29.5,1.99,3
2088,4,0,38,3.74,29.61333333,1.11,4
2089,4,1,38,2.54,29.61333333,0.75,2
2090,4,2,38,11.04,29.61333333,3.27,0
2091,4,3,38,4.27,29.61333333,1.26,9
2092,4,4,38,6.3,29.61333333,1.87,6
2093,4,5,38,0.31,29.61333333,0.09,5
2094,4,6,38,0.26,29.61333333,0.08,9
2095,4,7,38,0.15,29.61333333,0.04,4
2096,4,8,38,0.02,29.61333333,0.01,9
2097,5,0,38,0.31,31.52335241,0.1,9
2098,5,1,38,0.44,31.52335241,0.14,3
2099,5,2,38,1.99,31.52335241,0.63,9
2100,5,3,38,1.69,31.52335241,0.53,10
2101,5,4,38,0.18,31.52335241,0.06,5
2102,5,5,38,0.63,31.52335241,0.2,0
2103,5,6,38,0.58,31.52335241,0.18,5
2104,5,7,38,0.1,31.52335241,0.03,3
2105,5,8,38,0.63,31.52335241,0.2,5
2106,0,0,39,52.77,37.6,19.84,0
2107,0,1,39,41.19,37.6,15.49,10
2108,0,2,39,3.47,37.6,1.3,6
2109,0,3,39,26.82,37.6,10.08,6
2110,0,4,39,33.55,37.6,12.61,8
2111,0,5,39,49.88,37.6,18.75,8
2112,0,6,39,28.97,37.6,10.89,1
2113,0,7,39,59.54,37.6,22.39,8
2114,0,8,39,12.51,37.6,4.7,8
2115,1,0,39,25.08,54.2,13.59,1
2116,1,1,39,27.74,54.2,15.04,2
2117,1,2,39,21.04,54.2,11.4,6
2118,1,3,39,35.34,54.2,19.15,3
2119,1,4,39,28.66,54.2,15.53,10
2120,1,5,39,28.54,54.2,15.47,2
2121,1,6,39,40.53,54.2,21.97,7
2122,1,7,39,24.74,54.2,13.41,10
2123,1,8,39,45.88,54.2,24.87,9
2124,2,0,39,9.64,55.8,5.38,8
2125,2,1,39,19.45,55.8,10.85,6
2126,2,2,39,2.58,55.8,1.44,4
2127,2,3,39,13.87,55.8,7.74,2
2128,2,4,39,14.3,55.8,7.98,2
2129,2,5,39,9.82,55.8,5.48,5
2130,2,6,39,16.79,55.8,9.37,3
2131,2,7,39,0.96,55.8,0.54,8
2132,2,8,39,0.31,55.8,0.17,1
2133,3,0,39,1.5,28.5,0.43,9
2134,3,1,39,2.4,28.5,0.68,0
2135,3,2,39,25.86,28.5,7.37,8
2136,3,3,39,7.68,28.5,2.19,7
2137,3,4,39,5.8,28.5,1.65,10
2138,3,5,39,1.25,28.5,0.36,8
2139,3,6,39,3.26,28.5,0.93,1
2140,3,7,39,0.42,28.5,0.12,0
2141,3,8,39,7.91,28.5,2.25,3
2142,4,0,39,4.02,24.0,0.96,8
2143,4,1,39,2.69,24.0,0.65,6
2144,4,2,39,11.12,24.0,2.67,6
2145,4,3,39,4.22,24.0,1.01,8
2146,4,4,39,6.39,24.0,1.53,3
2147,4,5,39,0.3,24.0,0.07,0
2148,4,6,39,0.3,24.0,0.07,1
2149,4,7,39,0.11,24.0,0.03,3
2150,4,8,39,0.02,24.0,0.0,6
2151,5,0,39,0.37,32.21541852,0.12,8
2152,5,1,39,0.5,32.21541852,0.16,9
2153,5,2,39,2.01,32.21541852,0.65,0
2154,5,3,39,1.67,32.21541852,0.54,3
2155,5,4,39,0.18,32.21541852,0.06,8
2156,5,5,39,0.67,32.21541852,0.22,9
2157,5,6,39,0.59,32.21541852,0.19,7
2158,5,7,39,0.1,32.21541852,0.03,8
2159,5,8,39,0.51,32.21541852,0.16,0
2160,0,0,40,52.67,41.6,21.91,8
2161,0,1,40,40.66,41.6,16.91,1
2162,0,2,40,3.3,41.6,1.37,4
2163,0,3,40,27.68,41.6,11.51,5
2164,0,4,40,34.74,41.6,14.45,10
2165,0,5,40,46.43,41.6,19.31,2
2166,0,6,40,28.02,41.6,11.66,2
2167,0,7,40,59.27,41.6,24.66,5
2168,0,8,40,14.22,41.6,5.92,5
2169,1,0,40,24.37,80.4,19.59,9
2170,1,1,40,27.82,80.4,22.37,7
2171,1,2,40,21.0,80.4,16.88,7
2172,1,3,40,35.1,80.4,28.22,7
2173,1,4,40,30.91,80.4,24.85,4
2174,1,5,40,30.5,80.4,24.52,10
2175,1,6,40,40.39,80.4,32.47,9
2176,1,7,40,24.96,80.4,20.07,9
2177,1,8,40,44.68,80.4,35.92,1
2178,2,0,40,10.37,51.9,5.38,3
2179,2,1,40,19.71,51.9,10.23,7
2180,2,2,40,2.41,51.9,1.25,3
2181,2,3,40,14.41,51.9,7.48,0
2182,2,4,40,14.55,51.9,7.55,10
2183,2,5,40,10.2,51.9,5.29,9
2184,2,6,40,16.93,51.9,8.79,6
2185,2,7,40,1.09,51.9,0.57,9
2186,2,8,40,0.33,51.9,0.17,7
2187,3,0,40,1.55,46.5,0.72,0
2188,3,1,40,2.34,46.5,1.09,1
2189,3,2,40,26.27,46.5,12.22,6
2190,3,3,40,7.49,46.5,3.48,5
2191,3,4,40,5.5,46.5,2.56,5
2192,3,5,40,1.47,46.5,0.68,4
2193,3,6,40,3.84,46.5,1.79,2
2194,3,7,40,0.48,46.5,0.22,3
2195,3,8,40,7.78,46.5,3.62,4
2196,4,0,40,4.13,33.84380952,1.4,0
2197,4,1,40,3.16,33.84380952,1.07,5
2198,4,2,40,11.28,33.84380952,3.82,5
2199,4,3,40,4.26,33.84380952,1.44,6
2200,4,4,40,5.93,33.84380952,2.01,0
2201,4,5,40,0.37,33.84380952,0.13,8
2202,4,6,40,0.34,33.84380952,0.12,8
2203,4,7,40,0.12,33.84380952,0.04,10
2204,4,8,40,0.03,33.84380952,0.01,7
2205,5,0,40,0.4,32.90748464,0.13,2
2206,5,1,40,0.48,32.90748464,0.16,10
2207,5,2,40,1.84,32.90748464,0.61,4
2208,5,3,40,1.4,32.90748464,0.46,4
2209,5,4,40,0.13,32.90748464,0.04,3
2210,5,5,40,0.78,32.90748464,0.26,2
2211,5,6,40,0.65,32.90748464,0.21,5
2212,5,7,40,0.11,32.90748464,0.04,4
2213,5,8,40,0.46,32.90748464,0.15,7
