CREATE DATABASE  IF NOT EXISTS `smartphone` /*!40100 DEFAULT CHARACTER SET utf8 */;
USE `smartphone`;
-- MySQL dump 10.13  Distrib 8.0.21, for Win64 (x86_64)
--
-- Host:     Database: smartphone
-- ------------------------------------------------------
-- Server version	8.0.12

/*!40101 SET @OLD_CHARACTER_SET_CLIENT=@@CHARACTER_SET_CLIENT */;
/*!40101 SET @OLD_CHARACTER_SET_RESULTS=@@CHARACTER_SET_RESULTS */;
/*!40101 SET @OLD_COLLATION_CONNECTION=@@COLLATION_CONNECTION */;
/*!50503 SET NAMES utf8 */;
/*!40103 SET @OLD_TIME_ZONE=@@TIME_ZONE */;
/*!40103 SET TIME_ZONE='+00:00' */;
/*!40014 SET @OLD_UNIQUE_CHECKS=@@UNIQUE_CHECKS, UNIQUE_CHECKS=0 */;
/*!40014 SET @OLD_FOREIGN_KEY_CHECKS=@@FOREIGN_KEY_CHECKS, FOREIGN_KEY_CHECKS=0 */;
/*!40101 SET @OLD_SQL_MODE=@@SQL_MODE, SQL_MODE='NO_AUTO_VALUE_ON_ZERO' */;
/*!40111 SET @OLD_SQL_NOTES=@@SQL_NOTES, SQL_NOTES=0 */;

--
-- Table structure for table `DimManufacturer`
--

DROP TABLE IF EXISTS `DimManufacturer`;
/*!40101 SET @saved_cs_client     = @@character_set_client */;
/*!50503 SET character_set_client = utf8mb4 */;
CREATE TABLE `DimManufacturer` (
  `id` int(11) NOT NULL,
  `Name` varchar(45) DEFAULT NULL,
  PRIMARY KEY (`id`)
) ENGINE=InnoDB DEFAULT CHARSET=utf8;
/*!40101 SET character_set_client = @saved_cs_client */;

--
-- Dumping data for table `DimManufacturer`
--

LOCK TABLES `DimManufacturer` WRITE;
/*!40000 ALTER TABLE `DimManufacturer` DISABLE KEYS */;
INSERT INTO `DimManufacturer` VALUES (0,'Apple'),(1,'Samsung'),(2,'Huawei'),(3,'Xiaomi'),(4,'Oppo'),(5,'Lenovo');
/*!40000 ALTER TABLE `DimManufacturer` ENABLE KEYS */;
UNLOCK TABLES;

--
-- Table structure for table `DimRegion`
--

DROP TABLE IF EXISTS `DimRegion`;
/*!40101 SET @saved_cs_client     = @@character_set_client */;
/*!50503 SET character_set_client = utf8mb4 */;
CREATE TABLE `DimRegion` (
  `id` int(11) NOT NULL,
  `Name` varchar(45) DEFAULT NULL,
  `Region` varchar(45) DEFAULT NULL,
  `SubRegion` varchar(45) DEFAULT NULL,
  PRIMARY KEY (`id`)
) ENGINE=InnoDB DEFAULT CHARSET=utf8;
/*!40101 SET character_set_client = @saved_cs_client */;

--
-- Dumping data for table `DimRegion`
--

LOCK TABLES `DimRegion` WRITE;
/*!40000 ALTER TABLE `DimRegion` DISABLE KEYS */;
INSERT INTO `DimRegion` VALUES (0,'Australia','Oceania','Australia and New Zealand'),(1,'New Zealand','Oceania','Australia and New Zealand'),(2,'India','Asia','Southern Asia'),(3,'United Arab Emirates','Asia','Western Asia'),(4,'Singapore','Asia','South-Eastern Asia'),(6,'Germany','Europe','Western Europe'),(7,'United States of America','Americas','Northern America'),(8,'Brazil','Americas','South America');
/*!40000 ALTER TABLE `DimRegion` ENABLE KEYS */;
UNLOCK TABLES;

--
-- Table structure for table `DimTime`
--

DROP TABLE IF EXISTS `DimTime`;
/*!40101 SET @saved_cs_client     = @@character_set_client */;
/*!50503 SET character_set_client = utf8mb4 */;
CREATE TABLE `DimTime` (
  `id` int(11) NOT NULL,
  `Year` int(11) DEFAULT NULL,
  `Quarter` int(11) DEFAULT NULL,
  PRIMARY KEY (`id`)
) ENGINE=InnoDB DEFAULT CHARSET=utf8;
/*!40101 SET character_set_client = @saved_cs_client */;

--
-- Dumping data for table `DimTime`
--

LOCK TABLES `DimTime` WRITE;
/*!40000 ALTER TABLE `DimTime` DISABLE KEYS */;
INSERT INTO `DimTime` VALUES (0,2010,3),(1,2010,4),(2,2011,1),(3,2011,2),(4,2011,3),(5,2011,4),(6,2012,1),(7,2012,2),(8,2012,3),(9,2012,4),(10,2013,1),(11,2013,2),(12,2013,3),(13,2013,4),(14,2014,1),(15,2014,2),(16,2014,3),(17,2014,4),(18,2015,1),(19,2015,2),(20,2015,3),(21,2015,4),(22,2016,1),(23,2016,2),(24,2016,3),(25,2016,4),(26,2017,1),(27,2017,2),(28,2017,3),(29,2017,4),(30,2018,1),(31,2018,2),(32,2018,3),(33,2018,4),(34,2019,1),(35,2019,2),(36,2019,3),(37,2019,4),(38,2020,1),(39,2020,2);
/*!40000 ALTER TABLE `DimTime` ENABLE KEYS */;
UNLOCK TABLES;

--
-- Table structure for table `FactMarket`
--

DROP TABLE IF EXISTS `FactMarket`;
/*!40101 SET @saved_cs_client     = @@character_set_client */;
/*!50503 SET character_set_client = utf8mb4 */;
CREATE TABLE `FactMarket` (
  `id` int(11) NOT NULL,
  `Time_id` int(11) NOT NULL,
  `Manufacturer_id` int(11) NOT NULL,
  `Region_id` int(11) NOT NULL,
  `Shipments` double DEFAULT NULL,
  `GlobalShipments` double DEFAULT NULL,
  `MarketShare` double DEFAULT NULL,
  `Sentiment` int(11) DEFAULT NULL,
  PRIMARY KEY (`id`)
) ENGINE=InnoDB DEFAULT CHARSET=utf8;
/*!40101 SET character_set_client = @saved_cs_client */;

--
-- Dumping data for table `FactMarket`
--

LOCK TABLES `FactMarket` WRITE;
/*!40000 ALTER TABLE `FactMarket` DISABLE KEYS */;
INSERT INTO `FactMarket` VALUES (0,0,0,0,8.13,14.1,57.64,2),(1,0,0,1,10.38,14.1,73.65,0),(2,0,0,2,0.12,14.1,0.85,0),(3,0,0,3,1.81,14.1,12.81,9),(4,0,0,4,9.19,14.1,65.16,9),(5,0,0,5,6.54,14.1,46.36,7),(6,0,0,6,9.86,14.1,69.92,5),(7,0,0,7,6.57,14.1,46.59,1),(8,0,0,8,1.48,14.1,10.48,0),(9,0,1,0,0.07,7.3,0.99,4),(10,0,1,1,0.16,7.3,2.19,8),(11,0,1,2,0.68,7.3,9.29,1),(12,0,1,3,0.03,7.3,0.43,2),(13,0,1,4,0.17,7.3,2.28,0),(14,0,1,5,0.1,7.3,1.31,5),(15,0,1,6,0.31,7.3,4.22,1),(16,0,1,7,0.37,7.3,5.04,4),(17,0,1,8,0.37,7.3,5.03,9),(18,0,2,0,0,1.8,0,0),(19,0,2,1,0,1.8,0,3),(20,0,2,2,0,1.8,0,10),(21,0,2,3,0,1.8,0,8),(22,0,2,4,0,1.8,0,7),(23,0,2,5,0,1.8,0,5),(24,0,2,6,0,1.8,0,4),(25,0,2,7,0,1.8,0,10),(26,0,2,8,0,1.8,0,4),(27,0,3,0,0,0,0,6),(28,0,3,1,0,0,0,8),(29,0,3,2,0,0,0,3),(30,0,3,3,0,0,0,0),(31,0,3,4,0,0,0,1),(32,0,3,5,0,0,0,7),(33,0,3,6,0,0,0,3),(34,0,3,7,0,0,0,5),(35,0,3,8,0,0,0,7),(36,0,4,0,0,0.744920008,0,8),(37,0,4,1,0,0.744920008,0,9),(38,0,4,2,0,0.744920008,0,0),(39,0,4,3,0,0.744920008,0,4),(40,0,4,4,0,0.744920008,0,0),(41,0,4,5,0,0.744920008,0,0),(42,0,4,6,0,0.744920008,0,10),(43,0,4,7,0,0.744920008,0,0),(44,0,4,8,0,0.744920008,0,10),(45,0,5,0,0,0.855361305,0,3),(46,0,5,1,0,0.855361305,0,0),(47,0,5,2,0,0.855361305,0,2),(48,0,5,3,0,0.855361305,0,10),(49,0,5,4,0,0.855361305,0,0),(50,0,5,5,0,0.855361305,0,0),(51,0,5,6,0,0.855361305,0,9),(52,0,5,7,0,0.855361305,0,9),(53,0,5,8,0,0.855361305,0,6),(54,1,0,0,12.77,16.2,78.85,0),(55,1,0,1,12.06,16.2,74.46,2),(56,1,0,2,0.15,16.2,0.91,7),(57,1,0,3,2.37,16.2,14.63,8),(58,1,0,4,11.39,16.2,70.31,3),(59,1,0,5,6.82,16.2,42.08,4),(60,1,0,6,11.58,16.2,71.49,3),(61,1,0,7,7,16.2,43.18,9),(62,1,0,8,0.78,16.2,4.83,7),(63,1,1,0,0.16,9.6,1.65,5),(64,1,1,1,0.24,9.6,2.47,7),(65,1,1,2,1.07,9.6,11.19,0),(66,1,1,3,0.05,9.6,0.49,8),(67,1,1,4,0.22,9.6,2.3,7),(68,1,1,5,0.16,9.6,1.7,7),(69,1,1,6,0.56,9.6,5.81,0),(70,1,1,7,0.64,9.6,6.63,8),(71,1,1,8,1.52,9.6,15.84,10),(72,1,2,0,0,2.4,0,1),(73,1,2,1,0,2.4,0,0),(74,1,2,2,0,2.4,0,7),(75,1,2,3,0,2.4,0,7),(76,1,2,4,0,2.4,0,1),(77,1,2,5,0,2.4,0,0),(78,1,2,6,0,2.4,0,7),(79,1,2,7,0,2.4,0,8),(80,1,2,8,0,2.4,0,4),(81,1,3,0,0,0,0,1),(82,1,3,1,0,0,0,1),(83,1,3,2,0,0,0,4),(84,1,3,3,0,0,0,10),(85,1,3,4,0,0,0,9),(86,1,3,5,0,0,0,5),(87,1,3,6,0,0,0,3),(88,1,3,7,0,0,0,9),(89,1,3,8,0,0,0,0),(90,1,4,0,0,1.572392245,0,1),(91,1,4,1,0,1.572392245,0,7),(92,1,4,2,0,1.572392245,0,2),(93,1,4,3,0,1.572392245,0,6),(94,1,4,4,0,1.572392245,0,8),(95,1,4,5,0,1.572392245,0,0),(96,1,4,6,0,1.572392245,0,7),(97,1,4,7,0,1.572392245,0,4),(98,1,4,8,0,1.572392245,0,0),(99,1,5,0,0,1.762004662,0,1),(100,1,5,1,0,1.762004662,0,3),(101,1,5,2,0,1.762004662,0,10),(102,1,5,3,0,1.762004662,0,9),(103,1,5,4,0,1.762004662,0,2),(104,1,5,5,0,1.762004662,0,7),(105,1,5,6,0,1.762004662,0,2),(106,1,5,7,0,1.762004662,0,8),(107,1,5,8,0,1.762004662,0,7),(108,2,0,0,15.4,18.6,82.78,1),(109,2,0,1,14.55,18.6,78.25,3),(110,2,0,2,0.16,18.6,0.87,4),(111,2,0,3,3.22,18.6,17.3,0),(112,2,0,4,14.53,18.6,78.12,4),(113,2,0,5,8.6,18.6,46.21,4),(114,2,0,6,13.45,18.6,72.31,2),(115,2,0,7,9.27,18.6,49.83,10),(116,2,0,8,0.84,18.6,4.54,1),(117,2,1,0,0.19,11.5,1.67,3),(118,2,1,1,0.25,11.5,2.2,8),(119,2,1,2,1.47,11.5,12.8,1),(120,2,1,3,0.09,11.5,0.79,9),(121,2,1,4,0.28,11.5,2.44,4),(122,2,1,5,0.25,11.5,2.18,3),(123,2,1,6,0.83,11.5,7.23,4),(124,2,1,7,0.82,11.5,7.1,7),(125,2,1,8,3,11.5,26.05,10),(126,2,2,0,0,3.6,0,2),(127,2,2,1,0,3.6,0,3),(128,2,2,2,0,3.6,0,9),(129,2,2,3,0,3.6,0,8),(130,2,2,4,0,3.6,0,8),(131,2,2,5,0,3.6,0,9),(132,2,2,6,0,3.6,0,6),(133,2,2,7,0,3.6,0,2),(134,2,2,8,0,3.6,0,7),(135,2,3,0,0,0,0,1),(136,2,3,1,0,0,0,10),(137,2,3,2,0,0,0,9),(138,2,3,3,0,0,0,5),(139,2,3,4,0,0,0,3),(140,2,3,5,0,0,0,8),(141,2,3,6,0,0,0,9),(142,2,3,7,0,0,0,4),(143,2,3,8,0,0,0,9),(144,2,4,0,0,2.399864483,0,0),(145,2,4,1,0,2.399864483,0,2),(146,2,4,2,0,2.399864483,0,7),(147,2,4,3,0,2.399864483,0,8),(148,2,4,4,0,2.399864483,0,9),(149,2,4,5,0,2.399864483,0,6),(150,2,4,6,0,2.399864483,0,9),(151,2,4,7,0,2.399864483,0,6),(152,2,4,8,0,2.399864483,0,0),(153,2,5,0,0,2.668648019,0,5),(154,2,5,1,0,2.668648019,0,4),(155,2,5,2,0,2.668648019,0,1),(156,2,5,3,0,2.668648019,0,8),(157,2,5,4,0,2.668648019,0,1),(158,2,5,5,0,2.668648019,0,4),(159,2,5,6,0,2.668648019,0,0),(160,2,5,7,0,2.668648019,0,1),(161,2,5,8,0,2.668648019,0,6),(162,3,0,0,17.09,20.4,83.76,7),(163,3,0,1,16.14,20.4,79.12,6),(164,3,0,2,0.15,20.4,0.74,4),(165,3,0,3,3.89,20.4,19.06,5),(166,3,0,4,15.46,20.4,75.79,10),(167,3,0,5,8.92,20.4,43.75,6),(168,3,0,6,14.42,20.4,70.7,7),(169,3,0,7,10.17,20.4,49.86,8),(170,3,0,8,0.81,20.4,3.95,4),(171,3,1,0,0.36,18.4,1.98,7),(172,3,1,1,0.56,18.4,3.03,6),(173,3,1,2,2.92,18.4,15.88,6),(174,3,1,3,0.19,18.4,1.04,0),(175,3,1,4,0.95,18.4,5.18,10),(176,3,1,5,0.56,18.4,3.02,8),(177,3,1,6,1.73,18.4,9.38,2),(178,3,1,7,1.48,18.4,8.06,4),(179,3,1,8,5.42,18.4,29.43,8),(180,3,2,0,0,7.3,0,2),(181,3,2,1,0,7.3,0,4),(182,3,2,2,0,7.3,0,10),(183,3,2,3,0,7.3,0,9),(184,3,2,4,0,7.3,0,5),(185,3,2,5,0,7.3,0,10),(186,3,2,6,0,7.3,0,6),(187,3,2,7,0,7.3,0,0),(188,3,2,8,0,7.3,0,9),(189,3,3,0,0,0,0,4),(190,3,3,1,0,0,0,7),(191,3,3,2,0,0,0,7),(192,3,3,3,0,0,0,2),(193,3,3,4,0,0,0,6),(194,3,3,5,0,0,0,0),(195,3,3,6,0,0,0,9),(196,3,3,7,0,0,0,8),(197,3,3,8,0,0,0,4),(198,3,4,0,0,3.227336721,0,5),(199,3,4,1,0,3.227336721,0,8),(200,3,4,2,0,3.227336721,0,8),(201,3,4,3,0,3.227336721,0,5),(202,3,4,4,0,3.227336721,0,2),(203,3,4,5,0,3.227336721,0,7),(204,3,4,6,0,3.227336721,0,3),(205,3,4,7,0,3.227336721,0,1),(206,3,4,8,0,3.227336721,0,6),(207,3,5,0,0,3.575291375,0,7),(208,3,5,1,0,3.575291375,0,0),(209,3,5,2,0,3.575291375,0,5),(210,3,5,3,0,3.575291375,0,5),(211,3,5,4,0,3.575291375,0,9),(212,3,5,5,0,3.575291375,0,3),(213,3,5,6,0,3.575291375,0,10),(214,3,5,7,0,3.575291375,0,8),(215,3,5,8,0,3.575291375,0,8),(216,4,0,0,14.12,17.1,82.56,8),(217,4,0,1,13.02,17.1,76.12,7),(218,4,0,2,0.12,17.1,0.7,2),(219,4,0,3,3.15,17.1,18.41,8),(220,4,0,4,12.7,17.1,74.27,6),(221,4,0,5,7.33,17.1,42.85,4),(222,4,0,6,11.07,17.1,64.73,0),(223,4,0,7,9.89,17.1,57.83,2),(224,4,0,8,0.74,17.1,4.35,4),(225,4,1,0,1.39,28.1,4.95,9),(226,4,1,1,1.98,28.1,7.03,4),(227,4,1,2,5.12,28.1,18.23,7),(228,4,1,3,0.46,28.1,1.64,10),(229,4,1,4,2.48,28.1,8.83,9),(230,4,1,5,1.33,28.1,4.75,0),(231,4,1,6,4.35,28.1,15.47,5),(232,4,1,7,2.84,28.1,10.12,7),(233,4,1,8,8.53,28.1,30.34,9),(234,4,2,0,0,8.2,0,4),(235,4,2,1,0,8.2,0,4),(236,4,2,2,0,8.2,0,4),(237,4,2,3,0,8.2,0,8),(238,4,2,4,0,8.2,0,2),(239,4,2,5,0,8.2,0,8),(240,4,2,6,0,8.2,0,9),(241,4,2,7,0,8.2,0,7),(242,4,2,8,0,8.2,0,9),(243,4,3,0,0,0,0,3),(244,4,3,1,0,0,0,6),(245,4,3,2,0,0,0,4),(246,4,3,3,0,0,0,10),(247,4,3,4,0,0,0,10),(248,4,3,5,0,0,0,10),(249,4,3,6,0,0,0,10),(250,4,3,7,0,0,0,7),(251,4,3,8,0,0,0,10),(252,4,4,0,0,4.054808959,0,5),(253,4,4,1,0,4.054808959,0,8),(254,4,4,2,0,4.054808959,0,9),(255,4,4,3,0,4.054808959,0,5),(256,4,4,4,0,4.054808959,0,5),(257,4,4,5,0,4.054808959,0,8),(258,4,4,6,0,4.054808959,0,1),(259,4,4,7,0,4.054808959,0,7),(260,4,4,8,0,4.054808959,0,0),(261,4,5,0,0,4.481934732,0,7),(262,4,5,1,0,4.481934732,0,8),(263,4,5,2,0,4.481934732,0,1),(264,4,5,3,0,4.481934732,0,9),(265,4,5,4,0,4.481934732,0,0),(266,4,5,5,0,4.481934732,0,3),(267,4,5,6,0,4.481934732,0,9),(268,4,5,7,0,4.481934732,0,5),(269,4,5,8,0,4.481934732,0,7),(270,5,0,0,28.45,37,76.89,6),(271,5,0,1,26.05,37,70.4,6),(272,5,0,2,0.29,37,0.78,2),(273,5,0,3,6.41,37,17.33,2),(274,5,0,4,27.47,37,74.25,4),(275,5,0,5,16.01,37,43.26,7),(276,5,0,6,20.24,37,54.7,4),(277,5,0,7,21.57,37,58.3,4),(278,5,0,8,2.9,37,7.84,0),(279,5,1,0,2.59,36.2,7.16,7),(280,5,1,1,3.7,36.2,10.21,9),(281,5,1,2,7.18,36.2,19.84,8),(282,5,1,3,1.12,36.2,3.1,0),(283,5,1,4,3.49,36.2,9.65,9),(284,5,1,5,2.23,36.2,6.16,8),(285,5,1,6,6.1,36.2,16.85,4),(286,5,1,7,3.98,36.2,10.99,9),(287,5,1,8,10.11,36.2,27.93,6),(288,5,2,0,0,10.8,0,2),(289,5,2,1,0,10.8,0,5),(290,5,2,2,0,10.8,0,0),(291,5,2,3,0,10.8,0,8),(292,5,2,4,0,10.8,0,8),(293,5,2,5,0,10.8,0,4),(294,5,2,6,0,10.8,0,4),(295,5,2,7,0,10.8,0,2),(296,5,2,8,0,10.8,0,7),(297,5,3,0,0,0.660202504,0,8),(298,5,3,1,0,0.660202504,0,6),(299,5,3,2,0,0.660202504,0,2),(300,5,3,3,0,0.660202504,0,0),(301,5,3,4,0,0.660202504,0,7),(302,5,3,5,0,0.660202504,0,3),(303,5,3,6,0,0.660202504,0,7),(304,5,3,7,0,0.660202504,0,8),(305,5,3,8,0,0.660202504,0,5),(306,5,4,0,0,4.882281197,0,1),(307,5,4,1,0,4.882281197,0,3),(308,5,4,2,0,4.882281197,0,2),(309,5,4,3,0,4.882281197,0,2),(310,5,4,4,0,4.882281197,0,5),(311,5,4,5,0,4.882281197,0,1),(312,5,4,6,0,4.882281197,0,0),(313,5,4,7,0,4.882281197,0,4),(314,5,4,8,0,4.882281197,0,8),(315,5,5,0,0,5.388578089,0,3),(316,5,5,1,0,5.388578089,0,2),(317,5,5,2,0,5.388578089,0,2),(318,5,5,3,0,5.388578089,0,8),(319,5,5,4,0,5.388578089,0,3),(320,5,5,5,0,5.388578089,0,8),(321,5,5,6,0,5.388578089,0,7),(322,5,5,7,0,5.388578089,0,8),(323,5,5,8,0,5.388578089,0,7),(324,6,0,0,26.77,35.1,76.28,4),(325,6,0,1,24.32,35.1,69.29,7),(326,6,0,2,0.3,35.1,0.85,2),(327,6,0,3,7.74,35.1,22.05,5),(328,6,0,4,25.25,35.1,71.93,9),(329,6,0,5,15.54,35.1,44.28,10),(330,6,0,6,18.29,35.1,52.1,8),(331,6,0,7,20.79,35.1,59.22,0),(332,6,0,8,2.95,35.1,8.4,0),(333,6,1,0,3.9,44,8.87,9),(334,6,1,1,4.87,44,11.07,8),(335,6,1,2,9.41,44,21.38,8),(336,6,1,3,2.46,44,5.6,7),(337,6,1,4,5.53,44,12.56,0),(338,6,1,5,3.01,44,6.83,7),(339,6,1,6,7.57,44,17.2,4),(340,6,1,7,5.15,44,11.7,10),(341,6,1,8,10.82,44,24.6,4),(342,6,2,0,0,9.3,0.02,3),(343,6,2,1,0,9.3,0.04,4),(344,6,2,2,0,9.3,0,10),(345,6,2,3,0,9.3,0,0),(346,6,2,4,0,9.3,0,1),(347,6,2,5,0,9.3,0,1),(348,6,2,6,0,9.3,0.02,8),(349,6,2,7,0.01,9.3,0.07,10),(350,6,2,8,0,9.3,0,0),(351,6,3,0,0,1.677239904,0,3),(352,6,3,1,0,1.677239904,0,2),(353,6,3,2,0,1.677239904,0,6),(354,6,3,3,0,1.677239904,0,8),(355,6,3,4,0,1.677239904,0,1),(356,6,3,5,0,1.677239904,0,8),(357,6,3,6,0,1.677239904,0,7),(358,6,3,7,0,1.677239904,0,2),(359,6,3,8,0,1.677239904,0,0),(360,6,4,0,0,5.709753435,0,6),(361,6,4,1,0,5.709753435,0,6),(362,6,4,2,0,5.709753435,0,6),(363,6,4,3,0,5.709753435,0,3),(364,6,4,4,0,5.709753435,0,5),(365,6,4,5,0,5.709753435,0,10),(366,6,4,6,0,5.709753435,0,4),(367,6,4,7,0,5.709753435,0,8),(368,6,4,8,0,5.709753435,0,5),(369,6,5,0,0,6.295221445,0,5),(370,6,5,1,0,6.295221445,0,10),(371,6,5,2,0,6.295221445,0,5),(372,6,5,3,0,6.295221445,0,8),(373,6,5,4,0,6.295221445,0,7),(374,6,5,5,0,6.295221445,0,8),(375,6,5,6,0,6.295221445,0,10),(376,6,5,7,0,6.295221445,0,9),(377,6,5,8,0,6.295221445,0,9),(378,7,0,0,18.65,26,71.72,5),(379,7,0,1,16.23,26,62.44,4),(380,7,0,2,0.18,26,0.71,10),(381,7,0,3,4.27,26,16.44,0),(382,7,0,4,15.98,26,61.48,4),(383,7,0,5,10.92,26,42.01,10),(384,7,0,6,10.62,26,40.83,3),(385,7,0,7,12.58,26,48.39,10),(386,7,0,8,2.37,26,9.12,3),(387,7,1,0,5.86,50.3,11.66,5),(388,7,1,1,7.19,50.3,14.3,4),(389,7,1,2,11.27,50.3,22.4,0),(390,7,1,3,3.65,50.3,7.25,7),(391,7,1,4,8.35,50.3,16.61,3),(392,7,1,5,4.88,50.3,9.7,10),(393,7,1,6,11.21,50.3,22.28,10),(394,7,1,7,5.91,50.3,11.74,5),(395,7,1,8,10.99,50.3,21.84,7),(396,7,2,0,0.05,10.4,0.48,3),(397,7,2,1,0.15,10.4,1.49,3),(398,7,2,2,0.01,10.4,0.08,6),(399,7,2,3,0,10.4,0.02,2),(400,7,2,4,0.01,10.4,0.13,3),(401,7,2,5,0.02,10.4,0.15,2),(402,7,2,6,0.05,10.4,0.49,1),(403,7,2,7,0.12,10.4,1.2,9),(404,7,2,8,0.01,10.4,0.09,8),(405,7,3,0,0,2.694277304,0,4),(406,7,3,1,0,2.694277304,0,1),(407,7,3,2,0,2.694277304,0,2),(408,7,3,3,0,2.694277304,0,6),(409,7,3,4,0,2.694277304,0,9),(410,7,3,5,0,2.694277304,0,4),(411,7,3,6,0,2.694277304,0,3),(412,7,3,7,0,2.694277304,0,2),(413,7,3,8,0,2.694277304,0,10),(414,7,4,0,0,6.537225673,0,10),(415,7,4,1,0,6.537225673,0,6),(416,7,4,2,0,6.537225673,0,8),(417,7,4,3,0,6.537225673,0,8),(418,7,4,4,0,6.537225673,0,7),(419,7,4,5,0,6.537225673,0,2),(420,7,4,6,0,6.537225673,0,9),(421,7,4,7,0,6.537225673,0,6),(422,7,4,8,0,6.537225673,0,1),(423,7,5,0,0,7.201864802,0,1),(424,7,5,1,0,7.201864802,0,2),(425,7,5,2,0,7.201864802,0,10),(426,7,5,3,0,7.201864802,0,3),(427,7,5,4,0,7.201864802,0,3),(428,7,5,5,0,7.201864802,0,3),(429,7,5,6,0,7.201864802,0,3),(430,7,5,7,0,7.201864802,0,1),(431,7,5,8,0,7.201864802,0,10),(432,8,0,0,18.55,26.9,68.97,1),(433,8,0,1,15.45,26.9,57.42,3),(434,8,0,2,0.21,26.9,0.79,2),(435,8,0,3,3.91,26.9,14.52,3),(436,8,0,4,15.3,26.9,56.86,9),(437,8,0,5,11.66,26.9,43.34,3),(438,8,0,6,10.32,26.9,38.38,10),(439,8,0,7,13.57,26.9,50.44,4),(440,8,0,8,2.96,26.9,11.01,4),(441,8,1,0,8.78,56.3,15.6,4),(442,8,1,1,11.27,56.3,20.01,4),(443,8,1,2,15.78,56.3,28.03,8),(444,8,1,3,6.05,56.3,10.75,10),(445,8,1,4,14.27,56.3,25.34,0),(446,8,1,5,8.1,56.3,14.39,4),(447,8,1,6,16.34,56.3,29.03,8),(448,8,1,7,7.3,56.3,12.96,0),(449,8,1,8,15.6,56.3,27.71,2),(450,8,2,0,0.06,12.5,0.45,8),(451,8,2,1,0.25,12.5,1.99,9),(452,8,2,2,0.01,12.5,0.09,7),(453,8,2,3,0,12.5,0.02,6),(454,8,2,4,0.04,12.5,0.28,9),(455,8,2,5,0.03,12.5,0.21,8),(456,8,2,6,0.07,12.5,0.6,7),(457,8,2,7,0.18,12.5,1.42,9),(458,8,2,8,0.02,12.5,0.15,7),(459,8,3,0,0,3.711314704,0,6),(460,8,3,1,0,3.711314704,0.01,2),(461,8,3,2,0,3.711314704,0,4),(462,8,3,3,0,3.711314704,0,6),(463,8,3,4,0,3.711314704,0.01,1),(464,8,3,5,0,3.711314704,0,10),(465,8,3,6,0,3.711314704,0,5),(466,8,3,7,0,3.711314704,0,0),(467,8,3,8,0,3.711314704,0,4),(468,8,4,0,0,7.364697911,0,7),(469,8,4,1,0,7.364697911,0,10),(470,8,4,2,0,7.364697911,0,6),(471,8,4,3,0,7.364697911,0,3),(472,8,4,4,0,7.364697911,0,9),(473,8,4,5,0,7.364697911,0,0),(474,8,4,6,0,7.364697911,0,1),(475,8,4,7,0,7.364697911,0,6),(476,8,4,8,0,7.364697911,0,2),(477,8,5,0,0,8.108508159,0,3),(478,8,5,1,0,8.108508159,0.01,9),(479,8,5,2,0,8.108508159,0,7),(480,8,5,3,0,8.108508159,0,7),(481,8,5,4,0,8.108508159,0,0),(482,8,5,5,0,8.108508159,0,6),(483,8,5,6,0,8.108508159,0,7),(484,8,5,7,0,8.108508159,0,3),(485,8,5,8,0,8.108508159,0,5),(486,9,0,0,32.45,47.8,67.89,2),(487,9,0,1,26.84,47.8,56.16,7),(488,9,0,2,0.38,47.8,0.8,7),(489,9,0,3,6.3,47.8,13.19,4),(490,9,0,4,25.15,47.8,52.62,1),(491,9,0,5,21,47.8,43.93,5),(492,9,0,6,17.35,47.8,36.29,10),(493,9,0,7,24.2,47.8,50.63,8),(494,9,0,8,5.65,47.8,11.82,3),(495,9,1,0,11.3,63.7,17.74,10),(496,9,1,1,14.29,63.7,22.43,10),(497,9,1,2,17.88,63.7,28.07,0),(498,9,1,3,8,63.7,12.56,2),(499,9,1,4,18.75,63.7,29.44,6),(500,9,1,5,10.87,63.7,17.06,1),(501,9,1,6,20.47,63.7,32.13,7),(502,9,1,7,9.05,63.7,14.21,6),(503,9,1,8,19.42,63.7,30.48,6),(504,9,2,0,0.05,10.8,0.42,5),(505,9,2,1,0.24,10.8,2.19,2),(506,9,2,2,0.01,10.8,0.08,4),(507,9,2,3,0.01,10.8,0.06,7),(508,9,2,4,0.05,10.8,0.42,6),(509,9,2,5,0.02,10.8,0.22,3),(510,9,2,6,0.07,10.8,0.67,2),(511,9,2,7,0.16,10.8,1.48,0),(512,9,2,8,0.02,10.8,0.15,6),(513,9,3,0,0,4.728352104,0,4),(514,9,3,1,0,4.728352104,0.02,1),(515,9,3,2,0,4.728352104,0,9),(516,9,3,3,0,4.728352104,0,4),(517,9,3,4,0,4.728352104,0,7),(518,9,3,5,0,4.728352104,0,2),(519,9,3,6,0,4.728352104,0,6),(520,9,3,7,0,4.728352104,0,10),(521,9,3,8,0,4.728352104,0,8),(522,9,4,0,0,8.192170149,0,5),(523,9,4,1,0,8.192170149,0,3),(524,9,4,2,0,8.192170149,0,2),(525,9,4,3,0,8.192170149,0,7),(526,9,4,4,0,8.192170149,0,9),(527,9,4,5,0,8.192170149,0,10),(528,9,4,6,0,8.192170149,0,2),(529,9,4,7,0,8.192170149,0,9),(530,9,4,8,0,8.192170149,0,3),(531,9,5,0,0,9.015151515,0,2),(532,9,5,1,0,9.015151515,0.01,5),(533,9,5,2,0,9.015151515,0,0),(534,9,5,3,0,9.015151515,0,7),(535,9,5,4,0,9.015151515,0.01,2),(536,9,5,5,0,9.015151515,0,7),(537,9,5,6,0,9.015151515,0,5),(538,9,5,7,0,9.015151515,0,5),(539,9,5,8,0,9.015151515,0,10),(540,10,0,0,25.46,37.4,68.08,1),(541,10,0,1,20.68,37.4,55.3,3),(542,10,0,2,0.41,37.4,1.09,1),(543,10,0,3,7.7,37.4,20.6,10),(544,10,0,4,18.61,37.4,49.75,1),(545,10,0,5,17.94,37.4,47.98,6),(546,10,0,6,12.97,37.4,34.68,3),(547,10,0,7,19.77,37.4,52.87,8),(548,10,0,8,5.31,37.4,14.2,2),(549,10,1,0,13.21,69.7,18.95,3),(550,10,1,1,17.08,69.7,24.51,5),(551,10,1,2,18.76,69.7,26.91,4),(552,10,1,3,14.66,69.7,21.04,0),(553,10,1,4,23.06,69.7,33.09,5),(554,10,1,5,13.69,69.7,19.64,5),(555,10,1,6,23.66,69.7,33.94,3),(556,10,1,7,10.87,69.7,15.6,0),(557,10,1,8,23.11,69.7,33.16,9),(558,10,2,0,0.04,9.3,0.39,5),(559,10,2,1,0.19,9.3,2.01,9),(560,10,2,2,0.01,9.3,0.09,6),(561,10,2,3,0.02,9.3,0.17,0),(562,10,2,4,0.04,9.3,0.45,6),(563,10,2,5,0.02,9.3,0.22,10),(564,10,2,6,0.07,9.3,0.72,1),(565,10,2,7,0.13,9.3,1.42,0),(566,10,2,8,0.01,9.3,0.13,7),(567,10,3,0,0,5.745389504,0.01,10),(568,10,3,1,0,5.745389504,0.02,10),(569,10,3,2,0,5.745389504,0,5),(570,10,3,3,0,5.745389504,0,6),(571,10,3,4,0,5.745389504,0.01,3),(572,10,3,5,0,5.745389504,0,6),(573,10,3,6,0,5.745389504,0,7),(574,10,3,7,0,5.745389504,0,6),(575,10,3,8,0,5.745389504,0,10),(576,10,4,0,0,9.019642387,0,8),(577,10,4,1,0,9.019642387,0,10),(578,10,4,2,0,9.019642387,0,10),(579,10,4,3,0,9.019642387,0,8),(580,10,4,4,0,9.019642387,0,9),(581,10,4,5,0,9.019642387,0,9),(582,10,4,6,0,9.019642387,0,2),(583,10,4,7,0,9.019642387,0,9),(584,10,4,8,0,9.019642387,0,4),(585,10,5,0,0,7.9,0,5),(586,10,5,1,0,7.9,0.01,5),(587,10,5,2,0,7.9,0.02,4),(588,10,5,3,0,7.9,0,2),(589,10,5,4,0,7.9,0.01,0),(590,10,5,5,0,7.9,0,5),(591,10,5,6,0,7.9,0,4),(592,10,5,7,0,7.9,0,2),(593,10,5,8,0,7.9,0,5),(594,11,0,0,21.06,31.2,67.49,5),(595,11,0,1,16.78,31.2,53.77,0),(596,11,0,2,0.34,31.2,1.1,5),(597,11,0,3,6.06,31.2,19.42,7),(598,11,0,4,14.75,31.2,47.29,8),(599,11,0,5,14.99,31.2,48.05,9),(600,11,0,6,10.86,31.2,34.81,7),(601,11,0,7,16.91,31.2,54.19,9),(602,11,0,8,4.71,31.2,15.09,6),(603,11,1,0,15.55,77.3,20.12,9),(604,11,1,1,20.38,77.3,26.37,1),(605,11,1,2,21.08,77.3,27.27,5),(606,11,1,3,17.94,77.3,23.21,8),(607,11,1,4,29.36,77.3,37.98,5),(608,11,1,5,15.61,77.3,20.2,10),(609,11,1,6,27.69,77.3,35.82,6),(610,11,1,7,13.98,77.3,18.08,2),(611,11,1,8,26.19,77.3,33.88,5),(612,11,2,0,0.04,10.4,0.4,4),(613,11,2,1,0.21,10.4,2.02,5),(614,11,2,2,0.01,10.4,0.09,2),(615,11,2,3,0.03,10.4,0.3,0),(616,11,2,4,0.05,10.4,0.46,8),(617,11,2,5,0.02,10.4,0.2,3),(618,11,2,6,0.08,10.4,0.78,2),(619,11,2,7,0.14,10.4,1.34,5),(620,11,2,8,0.01,10.4,0.1,10),(621,11,3,0,0,6.762426904,0.01,3),(622,11,3,1,0,6.762426904,0.04,6),(623,11,3,2,0,6.762426904,0,4),(624,11,3,3,0,6.762426904,0,2),(625,11,3,4,0,6.762426904,0.01,9),(626,11,3,5,0,6.762426904,0,1),(627,11,3,6,0,6.762426904,0.01,0),(628,11,3,7,0,6.762426904,0,4),(629,11,3,8,0,6.762426904,0,0),(630,11,4,0,0,9.847114625,0,7),(631,11,4,1,0,9.847114625,0,8),(632,11,4,2,0,9.847114625,0,2),(633,11,4,3,0,9.847114625,0,7),(634,11,4,4,0,9.847114625,0,5),(635,11,4,5,0,9.847114625,0,4),(636,11,4,6,0,9.847114625,0,8),(637,11,4,7,0,9.847114625,0,5),(638,11,4,8,0,9.847114625,0,3),(639,11,5,0,0,11.4,0.01,10),(640,11,5,1,0,11.4,0.02,1),(641,11,5,2,0.01,11.4,0.13,8),(642,11,5,3,0,11.4,0.01,1),(643,11,5,4,0,11.4,0.02,3),(644,11,5,5,0,11.4,0,1),(645,11,5,6,0,11.4,0,10),(646,11,5,7,0,11.4,0,7),(647,11,5,8,0,11.4,0,5),(648,12,0,0,22.35,33.8,66.13,1),(649,12,0,1,17.88,33.8,52.9,3),(650,12,0,2,0.36,33.8,1.06,3),(651,12,0,3,4.68,33.8,13.85,5),(652,12,0,4,14.86,33.8,43.96,7),(653,12,0,5,15.85,33.8,46.89,7),(654,12,0,6,11.15,33.8,32.99,1),(655,12,0,7,17.79,33.8,52.63,3),(656,12,0,8,5.33,33.8,15.77,3),(657,12,1,0,18.16,85,21.36,10),(658,12,1,1,22.92,85,26.97,6),(659,12,1,2,22.78,85,26.8,4),(660,12,1,3,21.04,85,24.75,4),(661,12,1,4,34.14,85,40.17,5),(662,12,1,5,17.84,85,20.99,7),(663,12,1,6,32.27,85,37.96,0),(664,12,1,7,16.1,85,18.94,9),(665,12,1,8,30.62,85,36.02,6),(666,12,2,0,0.06,12.5,0.46,2),(667,12,2,1,0.26,12.5,2.04,7),(668,12,2,2,0.01,12.5,0.09,1),(669,12,2,3,0.04,12.5,0.3,3),(670,12,2,4,0.06,12.5,0.51,3),(671,12,2,5,0.03,12.5,0.27,5),(672,12,2,6,0.12,12.5,0.99,0),(673,12,2,7,0.15,12.5,1.24,3),(674,12,2,8,0.01,12.5,0.1,2),(675,12,3,0,0,5.6,0.02,3),(676,12,3,1,0,5.6,0.05,5),(677,12,3,2,0,5.6,0,0),(678,12,3,3,0,5.6,0.02,3),(679,12,3,4,0,5.6,0.02,9),(680,12,3,5,0,5.6,0,0),(681,12,3,6,0,5.6,0.01,9),(682,12,3,7,0,5.6,0,9),(683,12,3,8,0,5.6,0,3),(684,12,4,0,0,10.67458686,0,5),(685,12,4,1,0,10.67458686,0,5),(686,12,4,2,0,10.67458686,0,0),(687,12,4,3,0,10.67458686,0,10),(688,12,4,4,0,10.67458686,0,9),(689,12,4,5,0,10.67458686,0,2),(690,12,4,6,0,10.67458686,0,2),(691,12,4,7,0,10.67458686,0,0),(692,12,4,8,0,10.67458686,0,8),(693,12,5,0,0,12.3,0.01,1),(694,12,5,1,0,12.3,0.02,5),(695,12,5,2,0.04,12.3,0.29,9),(696,12,5,3,0.01,12.3,0.07,5),(697,12,5,4,0,12.3,0.02,1),(698,12,5,5,0,12.3,0.01,10),(699,12,5,6,0,12.3,0.01,6),(700,12,5,7,0,12.3,0.01,10),(701,12,5,8,0,12.3,0,5),(702,13,0,0,32.91,51,64.53,5),(703,13,0,1,25.02,51,49.06,2),(704,13,0,2,0.54,51,1.06,1),(705,13,0,3,7.23,51,14.18,5),(706,13,0,4,20.27,51,39.75,1),(707,13,0,5,22.67,51,44.46,1),(708,13,0,6,16.57,51,32.5,8),(709,13,0,7,26.32,51,51.6,0),(710,13,0,8,7.15,51,14.01,0),(711,13,1,0,19.2,84.4,22.75,9),(712,13,1,1,23.27,84.4,27.57,8),(713,13,1,2,23.35,84.4,27.66,2),(714,13,1,3,23.44,84.4,27.77,6),(715,13,1,4,32.27,84.4,38.24,3),(716,13,1,5,16.72,84.4,19.81,2),(717,13,1,6,33.29,84.4,39.44,4),(718,13,1,7,17.22,84.4,20.4,6),(719,13,1,8,31.98,84.4,37.89,10),(720,13,2,0,0.11,16.6,0.64,10),(721,13,2,1,0.44,16.6,2.65,0),(722,13,2,2,0.01,16.6,0.09,9),(723,13,2,3,0.07,16.6,0.45,3),(724,13,2,4,0.06,16.6,0.38,3),(725,13,2,5,0.06,16.6,0.36,8),(726,13,2,6,0.22,16.6,1.34,3),(727,13,2,7,0.19,16.6,1.14,2),(728,13,2,8,0.02,16.6,0.12,0),(729,13,3,0,0,5.9,0.03,3),(730,13,3,1,0,5.9,0.08,6),(731,13,3,2,0,5.9,0,2),(732,13,3,3,0,5.9,0.01,1),(733,13,3,4,0,5.9,0.02,7),(734,13,3,5,0,5.9,0,6),(735,13,3,6,0,5.9,0.01,5),(736,13,3,7,0,5.9,0,3),(737,13,3,8,0,5.9,0,9),(738,13,4,0,0,11.5020591,0,3),(739,13,4,1,0,11.5020591,0,4),(740,13,4,2,0,11.5020591,0,9),(741,13,4,3,0,11.5020591,0,2),(742,13,4,4,0,11.5020591,0,2),(743,13,4,5,0,11.5020591,0,4),(744,13,4,6,0,11.5020591,0,5),(745,13,4,7,0,11.5020591,0,9),(746,13,4,8,0,11.5020591,0,9),(747,13,5,0,0,13.9,0.02,0),(748,13,5,1,0,13.9,0.03,2),(749,13,5,2,0.07,13.9,0.49,2),(750,13,5,3,0.04,13.9,0.31,8),(751,13,5,4,0.01,13.9,0.04,1),(752,13,5,5,0.01,13.9,0.04,6),(753,13,5,6,0.01,13.9,0.05,2),(754,13,5,7,0,13.9,0.01,8),(755,13,5,8,0,13.9,0.01,4),(756,14,0,0,27.09,43.7,61.99,0),(757,14,0,1,20.62,43.7,47.19,2),(758,14,0,2,0.54,43.7,1.24,9),(759,14,0,3,7.18,43.7,16.42,8),(760,14,0,4,16.78,43.7,38.39,1),(761,14,0,5,16.07,43.7,36.78,10),(762,14,0,6,13.58,43.7,31.07,3),(763,14,0,7,23.34,43.7,53.42,0),(764,14,0,8,6.03,43.7,13.79,0),(765,14,1,0,21.84,88.5,24.68,9),(766,14,1,1,26.97,88.5,30.48,2),(767,14,1,2,27.2,88.5,30.73,9),(768,14,1,3,29.5,88.5,33.33,10),(769,14,1,4,38.59,88.5,43.61,5),(770,14,1,5,20.36,88.5,23.01,3),(771,14,1,6,36.48,88.5,41.22,3),(772,14,1,7,19.8,88.5,22.37,6),(773,14,1,8,35.54,88.5,40.16,8),(774,14,2,0,0.11,13.5,0.83,5),(775,14,2,1,0.43,13.5,3.18,9),(776,14,2,2,0.01,13.5,0.11,8),(777,14,2,3,0.08,13.5,0.6,2),(778,14,2,4,0.05,13.5,0.4,3),(779,14,2,5,0.05,13.5,0.36,10),(780,14,2,6,0.24,13.5,1.77,8),(781,14,2,7,0.13,13.5,0.97,10),(782,14,2,8,0.02,13.5,0.16,4),(783,14,3,0,0,10.5828314,0.03,6),(784,14,3,1,0.01,10.5828314,0.11,3),(785,14,3,2,0,10.5828314,0,9),(786,14,3,3,0,10.5828314,0,9),(787,14,3,4,0,10.5828314,0.04,0),(788,14,3,5,0,10.5828314,0,5),(789,14,3,6,0,10.5828314,0.02,0),(790,14,3,7,0,10.5828314,0.01,8),(791,14,3,8,0,10.5828314,0,4),(792,14,4,0,0,12.32953134,0,0),(793,14,4,1,0,12.32953134,0,10),(794,14,4,2,0,12.32953134,0,6),(795,14,4,3,0,12.32953134,0,10),(796,14,4,4,0,12.32953134,0,3),(797,14,4,5,0,12.32953134,0,3),(798,14,4,6,0,12.32953134,0,2),(799,14,4,7,0,12.32953134,0,8),(800,14,4,8,0,12.32953134,0,9),(801,14,5,0,0.01,12.6,0.04,4),(802,14,5,1,0,12.6,0.03,10),(803,14,5,2,0.06,12.6,0.49,5),(804,14,5,3,0.1,12.6,0.8,5),(805,14,5,4,0.01,12.6,0.09,7),(806,14,5,5,0.02,12.6,0.19,8),(807,14,5,6,0.03,12.6,0.21,0),(808,14,5,7,0,12.6,0.03,3),(809,14,5,8,0,12.6,0.01,0),(810,15,0,0,21.08,35.2,59.88,3),(811,15,0,1,16.05,35.2,45.6,2),(812,15,0,2,0.44,35.2,1.25,10),(813,15,0,3,5.71,35.2,16.23,5),(814,15,0,4,12.86,35.2,36.54,6),(815,15,0,5,16.71,35.2,47.48,10),(816,15,0,6,10.49,35.2,29.79,10),(817,15,0,7,18.17,35.2,51.61,10),(818,15,0,8,5.39,35.2,15.3,2),(819,15,1,0,19.8,74.9,26.43,4),(820,15,1,1,24.32,74.9,32.47,4),(821,15,1,2,24.25,74.9,32.38,1),(822,15,1,3,27.99,74.9,37.37,5),(823,15,1,4,33.9,74.9,45.26,8),(824,15,1,5,17.65,74.9,23.56,3),(825,15,1,6,32.3,74.9,43.12,7),(826,15,1,7,18.75,74.9,25.03,8),(827,15,1,8,30.42,74.9,40.61,3),(828,15,2,0,0.18,20.2,0.87,7),(829,15,2,1,0.58,20.2,2.85,3),(830,15,2,2,0.03,20.2,0.13,2),(831,15,2,3,0.17,20.2,0.84,5),(832,15,2,4,0.1,20.2,0.51,5),(833,15,2,5,0.09,20.2,0.43,3),(834,15,2,6,0.44,20.2,2.18,1),(835,15,2,7,0.18,20.2,0.87,9),(836,15,2,8,0.02,20.2,0.11,10),(837,15,3,0,0,13.8,0.03,8),(838,15,3,1,0.01,13.8,0.09,3),(839,15,3,2,0,13.8,0,2),(840,15,3,3,0,13.8,0,7),(841,15,3,4,0.01,13.8,0.04,7),(842,15,3,5,0,13.8,0,2),(843,15,3,6,0,13.8,0.02,0),(844,15,3,7,0,13.8,0,4),(845,15,3,8,0,13.8,0,0),(846,15,4,0,0,13.15700358,0,2),(847,15,4,1,0,13.15700358,0,10),(848,15,4,2,0,13.15700358,0,7),(849,15,4,3,0,13.15700358,0,4),(850,15,4,4,0,13.15700358,0.01,0),(851,15,4,5,0,13.15700358,0,0),(852,15,4,6,0,13.15700358,0,2),(853,15,4,7,0,13.15700358,0,6),(854,15,4,8,0,13.15700358,0,2),(855,15,5,0,0.01,15.8,0.05,5),(856,15,5,1,0.01,15.8,0.05,8),(857,15,5,2,0.09,15.8,0.54,7),(858,15,5,3,0.21,15.8,1.35,10),(859,15,5,4,0.03,15.8,0.18,9),(860,15,5,5,0.02,15.8,0.15,8),(861,15,5,6,0.04,15.8,0.25,4),(862,15,5,7,0.01,15.8,0.04,8),(863,15,5,8,0,15.8,0.01,3),(864,16,0,0,22.82,39.3,58.06,6),(865,16,0,1,17.58,39.3,44.74,3),(866,16,0,2,0.5,39.3,1.28,0),(867,16,0,3,5.95,39.3,15.15,10),(868,16,0,4,11.26,39.3,28.65,9),(869,16,0,5,18.3,39.3,46.56,6),(870,16,0,6,9.98,39.3,25.4,0),(871,16,0,7,20.48,39.3,52.1,8),(872,16,0,8,5.52,39.3,14.04,10),(873,16,1,0,22.46,79.6,28.22,10),(874,16,1,1,27.65,79.6,34.74,10),(875,16,1,2,26.11,79.6,32.8,7),(876,16,1,3,31.66,79.6,39.78,6),(877,16,1,4,29.62,79.6,37.21,5),(878,16,1,5,19.78,79.6,24.85,6),(879,16,1,6,37.33,79.6,46.9,6),(880,16,1,7,20.76,79.6,26.08,1),(881,16,1,8,32.14,79.6,40.38,8),(882,16,2,0,0.12,16.5,0.75,10),(883,16,2,1,0.41,16.5,2.5,5),(884,16,2,2,0.02,16.5,0.15,9),(885,16,2,3,0.18,16.5,1.07,5),(886,16,2,4,0.07,16.5,0.43,4),(887,16,2,5,0.08,16.5,0.51,1),(888,16,2,6,0.35,16.5,2.12,0),(889,16,2,7,0.11,16.5,0.66,1),(890,16,2,8,0.02,16.5,0.11,4),(891,16,3,0,0.01,17.3,0.08,9),(892,16,3,1,0.03,17.3,0.19,10),(893,16,3,2,0.01,17.3,0.04,2),(894,16,3,3,0,17.3,0.01,1),(895,16,3,4,0.19,17.3,1.11,4),(896,16,3,5,0,17.3,0.01,3),(897,16,3,6,0,17.3,0.02,2),(898,16,3,7,0,17.3,0.01,2),(899,16,3,8,0,17.3,0,6),(900,16,4,0,0,13.98447581,0.01,9),(901,16,4,1,0,13.98447581,0.01,10),(902,16,4,2,0,13.98447581,0.02,2),(903,16,4,3,0,13.98447581,0,3),(904,16,4,4,0.01,13.98447581,0.05,5),(905,16,4,5,0,13.98447581,0,8),(906,16,4,6,0,13.98447581,0,0),(907,16,4,7,0,13.98447581,0,0),(908,16,4,8,0,13.98447581,0,9),(909,16,5,0,0.01,16.9,0.08,2),(910,16,5,1,0.01,16.9,0.06,5),(911,16,5,2,0.1,16.9,0.59,3),(912,16,5,3,0.29,16.9,1.72,10),(913,16,5,4,0.03,16.9,0.19,6),(914,16,5,5,0.04,16.9,0.22,0),(915,16,5,6,0.06,16.9,0.33,9),(916,16,5,7,0.01,16.9,0.06,9),(917,16,5,8,0,16.9,0.02,10),(918,17,0,0,43.95,74.5,59,1),(919,17,0,1,32.58,74.5,43.73,9),(920,17,0,2,0.96,74.5,1.29,1),(921,17,0,3,9.63,74.5,12.92,10),(922,17,0,4,24.96,74.5,33.5,2),(923,17,0,5,36.42,74.5,48.89,6),(924,17,0,6,18.59,74.5,24.95,9),(925,17,0,7,38.8,74.5,52.08,9),(926,17,0,8,12.7,74.5,17.05,2),(927,17,1,0,20.58,75.1,27.41,4),(928,17,1,1,26.93,75.1,35.86,7),(929,17,1,2,23.53,75.1,31.33,6),(930,17,1,3,32.74,75.1,43.6,10),(931,17,1,4,32.87,75.1,43.77,3),(932,17,1,5,18.98,75.1,25.27,8),(933,17,1,6,35.76,75.1,47.61,9),(934,17,1,7,20.42,75.1,27.19,4),(935,17,1,8,28.63,75.1,38.12,8),(936,17,2,0,0.18,23.6,0.78,9),(937,17,2,1,0.61,23.6,2.6,4),(938,17,2,2,0.04,23.6,0.19,7),(939,17,2,3,0.31,23.6,1.32,0),(940,17,2,4,0.13,23.6,0.54,6),(941,17,2,5,0.14,23.6,0.58,8),(942,17,2,6,0.48,23.6,2.02,7),(943,17,2,7,0.13,23.6,0.54,1),(944,17,2,8,0.03,23.6,0.11,4),(945,17,3,0,0.02,16.5,0.12,5),(946,17,3,1,0.05,16.5,0.32,9),(947,17,3,2,0.06,16.5,0.37,8),(948,17,3,3,0,16.5,0.02,3),(949,17,3,4,0.44,16.5,2.67,2),(950,17,3,5,0,16.5,0.03,4),(951,17,3,6,0,16.5,0.03,7),(952,17,3,7,0,16.5,0.02,8),(953,17,3,8,0,16.5,0,8),(954,17,4,0,0,14.81194805,0.01,2),(955,17,4,1,0,14.81194805,0.03,7),(956,17,4,2,0.01,14.81194805,0.05,10),(957,17,4,3,0,14.81194805,0.01,6),(958,17,4,4,0.02,14.81194805,0.12,4),(959,17,4,5,0,14.81194805,0.01,3),(960,17,4,6,0,14.81194805,0.01,2),(961,17,4,7,0,14.81194805,0.01,10),(962,17,4,8,0,14.81194805,0,5),(963,17,5,0,0.01,14.1,0.09,5),(964,17,5,1,0.01,14.1,0.08,2),(965,17,5,2,0.09,14.1,0.67,4),(966,17,5,3,0.37,14.1,2.6,7),(967,17,5,4,0.04,14.1,0.3,0),(968,17,5,5,0.04,14.1,0.31,6),(969,17,5,6,0.06,14.1,0.41,5),(970,17,5,7,0.01,14.1,0.07,3),(971,17,5,8,0,14.1,0.03,6),(972,18,0,0,35.82,61.2,58.53,7),(973,18,0,1,26.77,61.2,43.75,1),(974,18,0,2,0.92,61.2,1.51,0),(975,18,0,3,8.04,61.2,13.14,0),(976,18,0,4,21.96,61.2,35.89,9),(977,18,0,5,30.84,61.2,50.39,6),(978,18,0,6,17.15,61.2,28.03,8),(979,18,0,7,31.86,61.2,52.06,0),(980,18,0,8,7.03,61.2,11.48,10),(981,18,1,0,22.22,82.4,26.97,3),(982,18,1,1,29.22,82.4,35.46,5),(983,18,1,2,24.49,82.4,29.72,4),(984,18,1,3,37.47,82.4,45.47,3),(985,18,1,4,35.84,82.4,43.5,2),(986,18,1,5,20.16,82.4,24.46,4),(987,18,1,6,34.87,82.4,42.32,8),(988,18,1,7,21.47,82.4,26.05,4),(989,18,1,8,31.86,82.4,38.67,9),(990,18,2,0,0.16,17.4,0.92,7),(991,18,2,1,0.48,17.4,2.77,10),(992,18,2,2,0.05,17.4,0.29,3),(993,18,2,3,0.29,17.4,1.67,4),(994,18,2,4,0.12,17.4,0.67,10),(995,18,2,5,0.1,17.4,0.56,7),(996,18,2,6,0.4,17.4,2.31,7),(997,18,2,7,0.08,17.4,0.47,0),(998,18,2,8,0.03,17.4,0.16,10),(999,18,3,0,0.02,12.62925898,0.17,2),(1000,18,3,1,0.05,12.62925898,0.39,5),(1001,18,3,2,0.09,12.62925898,0.75,0),(1002,18,3,3,0,12.62925898,0.03,1),(1003,18,3,4,0.39,12.62925898,3.11,8),(1004,18,3,5,0.01,12.62925898,0.04,0),(1005,18,3,6,0.01,12.62925898,0.06,1),(1006,18,3,7,0,12.62925898,0.02,2),(1007,18,3,8,0,12.62925898,0.01,6),(1008,18,4,0,0,7.3,0.03,6),(1009,18,4,1,0,7.3,0.03,7),(1010,18,4,2,0.01,7.3,0.1,5),(1011,18,4,3,0,7.3,0.02,2),(1012,18,4,4,0.01,7.3,0.19,5),(1013,18,4,5,0,7.3,0.01,3),(1014,18,4,6,0,7.3,0.02,10),(1015,18,4,7,0,7.3,0.01,0),(1016,18,4,8,0,7.3,0,1),(1017,18,5,0,0.03,18.8,0.15,10),(1018,18,5,1,0.02,18.8,0.09,3),(1019,18,5,2,0.16,18.8,0.83,9),(1020,18,5,3,0.71,18.8,3.79,4),(1021,18,5,4,0.08,18.8,0.4,4),(1022,18,5,5,0.11,18.8,0.58,9),(1023,18,5,6,0.14,18.8,0.72,10),(1024,18,5,7,0.02,18.8,0.1,8),(1025,18,5,8,0.01,18.8,0.07,8),(1026,19,0,0,25.97,47.5,54.67,6),(1027,19,0,1,22.46,47.5,47.28,10),(1028,19,0,2,0.76,47.5,1.6,1),(1029,19,0,3,5.72,47.5,12.05,0),(1030,19,0,4,18.03,47.5,37.96,10),(1031,19,0,5,22.19,47.5,46.71,10),(1032,19,0,6,13.47,47.5,28.35,4),(1033,19,0,7,23.36,47.5,49.17,6),(1034,19,0,8,5.68,47.5,11.95,8),(1035,19,1,0,20.01,73,27.41,5),(1036,19,1,1,23.74,73,32.52,2),(1037,19,1,2,20.75,73,28.43,0),(1038,19,1,3,32.8,73,44.93,0),(1039,19,1,4,30.31,73,41.52,5),(1040,19,1,5,17.78,73,24.35,3),(1041,19,1,6,30.89,73,42.31,5),(1042,19,1,7,19.8,73,27.12,8),(1043,19,1,8,27.38,73,37.51,1),(1044,19,2,0,0.33,29.6,1.1,7),(1045,19,2,1,0.84,29.6,2.84,8),(1046,19,2,2,0.11,29.6,0.36,6),(1047,19,2,3,0.55,29.6,1.86,0),(1048,19,2,4,0.18,29.6,0.62,7),(1049,19,2,5,0.28,29.6,0.96,8),(1050,19,2,6,0.74,29.6,2.5,1),(1051,19,2,7,0.17,29.6,0.59,0),(1052,19,2,8,0.08,29.6,0.26,2),(1053,19,3,0,0.04,17.9,0.22,0),(1054,19,3,1,0.05,17.9,0.3,9),(1055,19,3,2,0.15,17.9,0.86,0),(1056,19,3,3,0.01,17.9,0.04,10),(1057,19,3,4,0.56,17.9,3.13,7),(1058,19,3,5,0.04,17.9,0.22,3),(1059,19,3,6,0.01,17.9,0.06,7),(1060,19,3,7,0.04,17.9,0.25,6),(1061,19,3,8,0.01,17.9,0.05,8),(1062,19,4,0,0.01,9.6,0.07,6),(1063,19,4,1,0,9.6,0.04,1),(1064,19,4,2,0.01,9.6,0.14,1),(1065,19,4,3,0,9.6,0.04,6),(1066,19,4,4,0.02,9.6,0.21,0),(1067,19,4,5,0.01,9.6,0.09,4),(1068,19,4,6,0,9.6,0.02,9),(1069,19,4,7,0.01,9.6,0.07,3),(1070,19,4,8,0,9.6,0.03,4),(1071,19,5,0,0.04,16.2,0.22,5),(1072,19,5,1,0.01,16.2,0.09,3),(1073,19,5,2,0.21,16.2,1.27,10),(1074,19,5,3,0.76,16.2,4.68,6),(1075,19,5,4,0.07,16.2,0.44,7),(1076,19,5,5,0.11,16.2,0.68,9),(1077,19,5,6,0.13,16.2,0.83,0),(1078,19,5,7,0.02,16.2,0.13,1),(1079,19,5,8,0.01,16.2,0.07,5),(1080,20,0,0,28.33,48,59.03,9),(1081,20,0,1,22.77,48,47.43,4),(1082,20,0,2,0.8,48,1.66,3),(1083,20,0,3,7.07,48,14.72,4),(1084,20,0,4,18.84,48,39.25,7),(1085,20,0,5,21.77,48,45.36,5),(1086,20,0,6,13.79,48,28.73,4),(1087,20,0,7,24.36,48,50.75,3),(1088,20,0,8,6.48,48,13.5,3),(1089,20,1,0,22.35,83.8,26.67,3),(1090,20,1,1,27.07,83.8,32.3,6),(1091,20,1,2,22.84,83.8,27.25,0),(1092,20,1,3,37.52,83.8,44.77,0),(1093,20,1,4,33.07,83.8,39.46,1),(1094,20,1,5,20.55,83.8,24.52,7),(1095,20,1,6,35.39,83.8,42.23,0),(1096,20,1,7,22.15,83.8,26.43,5),(1097,20,1,8,30.02,83.8,35.82,6),(1098,20,2,0,0.36,27.3,1.33,10),(1099,20,2,1,0.91,27.3,3.32,6),(1100,20,2,2,0.11,27.3,0.41,6),(1101,20,2,3,0.61,27.3,2.22,4),(1102,20,2,4,0.17,27.3,0.61,8),(1103,20,2,5,0.27,27.3,0.98,7),(1104,20,2,6,0.77,27.3,2.82,5),(1105,20,2,7,0.18,27.3,0.65,10),(1106,20,2,8,0.05,27.3,0.18,3),(1107,20,3,0,0.05,18.3,0.25,3),(1108,20,3,1,0.07,18.3,0.39,7),(1109,20,3,2,0.18,18.3,1,3),(1110,20,3,3,0.01,18.3,0.06,6),(1111,20,3,4,0.54,18.3,2.95,5),(1112,20,3,5,0.03,18.3,0.16,1),(1113,20,3,6,0.02,18.3,0.11,4),(1114,20,3,7,0.05,18.3,0.3,4),(1115,20,3,8,0,18.3,0.02,5),(1116,20,4,0,0.01,11.4,0.05,8),(1117,20,4,1,0,11.4,0.03,9),(1118,20,4,2,0.02,11.4,0.15,3),(1119,20,4,3,0.01,11.4,0.05,7),(1120,20,4,4,0.03,11.4,0.24,7),(1121,20,4,5,0,11.4,0.04,9),(1122,20,4,6,0,11.4,0.02,8),(1123,20,4,7,0.01,11.4,0.11,6),(1124,20,4,8,0,11.4,0.01,5),(1125,20,5,0,0.03,18.8,0.15,2),(1126,20,5,1,0.02,18.8,0.13,4),(1127,20,5,2,0.39,18.8,2.08,4),(1128,20,5,3,1.04,18.8,5.52,7),(1129,20,5,4,0.12,18.8,0.65,3),(1130,20,5,5,0.14,18.8,0.74,3),(1131,20,5,6,0.18,18.8,0.95,5),(1132,20,5,7,0.03,18.8,0.15,9),(1133,20,5,8,0.01,18.8,0.07,2),(1134,21,0,0,43.68,74.8,58.4,2),(1135,21,0,1,35.18,74.8,47.03,0),(1136,21,0,2,1.23,74.8,1.64,10),(1137,21,0,3,11.89,74.8,15.89,10),(1138,21,0,4,28.75,74.8,38.44,0),(1139,21,0,5,32.87,74.8,43.94,4),(1140,21,0,6,21.36,74.8,28.55,6),(1141,21,0,7,38.31,74.8,51.21,7),(1142,21,0,8,9.38,74.8,12.54,8),(1143,21,1,0,22.75,81.7,27.84,9),(1144,21,1,1,26.92,81.7,32.95,5),(1145,21,1,2,20.55,81.7,25.15,3),(1146,21,1,3,35.34,81.7,43.25,2),(1147,21,1,4,31.7,81.7,38.8,6),(1148,21,1,5,22.29,81.7,27.28,5),(1149,21,1,6,35.66,81.7,43.65,2),(1150,21,1,7,21.9,81.7,26.81,9),(1151,21,1,8,27.97,81.7,34.24,2),(1152,21,2,0,0.48,32.7,1.46,6),(1153,21,2,1,1.18,32.7,3.61,3),(1154,21,2,2,0.14,32.7,0.42,3),(1155,21,2,3,0.85,32.7,2.59,7),(1156,21,2,4,0.21,32.7,0.64,4),(1157,21,2,5,0.41,32.7,1.24,5),(1158,21,2,6,1.03,32.7,3.16,3),(1159,21,2,7,0.15,32.7,0.47,7),(1160,21,2,8,0.04,32.7,0.13,6),(1161,21,3,0,0.05,18.2,0.28,0),(1162,21,3,1,0.07,18.2,0.36,5),(1163,21,3,2,0.21,18.2,1.14,0),(1164,21,3,3,0.02,18.2,0.1,6),(1165,21,3,4,0.56,18.2,3.08,0),(1166,21,3,5,0.01,18.2,0.07,6),(1167,21,3,6,0.02,18.2,0.12,7),(1168,21,3,7,0.01,18.2,0.05,1),(1169,21,3,8,0,18.2,0.01,10),(1170,21,4,0,0.01,14.4,0.05,1),(1171,21,4,1,0,14.4,0.03,8),(1172,21,4,2,0.02,14.4,0.14,7),(1173,21,4,3,0.01,14.4,0.06,9),(1174,21,4,4,0.03,14.4,0.23,0),(1175,21,4,5,0,14.4,0.02,1),(1176,21,4,6,0,14.4,0.02,5),(1177,21,4,7,0,14.4,0.02,1),(1178,21,4,8,0,14.4,0,1),(1179,21,5,0,0.03,20.2,0.17,5),(1180,21,5,1,0.04,20.2,0.22,6),(1181,21,5,2,0.57,20.2,2.84,4),(1182,21,5,3,1.28,20.2,6.35,3),(1183,21,5,4,0.16,20.2,0.78,6),(1184,21,5,5,0.21,20.2,1.02,0),(1185,21,5,6,0.2,20.2,1.01,8),(1186,21,5,7,0.04,20.2,0.18,4),(1187,21,5,8,0.01,20.2,0.07,6),(1188,22,0,0,30.27,51.2,59.13,2),(1189,22,0,1,24.62,51.2,48.09,6),(1190,22,0,2,1.03,51.2,2.01,10),(1191,22,0,3,9.12,51.2,17.81,5),(1192,22,0,4,20.2,51.2,39.46,6),(1193,22,0,5,22.63,51.2,44.2,9),(1194,22,0,6,14.85,51.2,29.01,6),(1195,22,0,7,27.04,51.2,52.81,8),(1196,22,0,8,5.82,51.2,11.37,0),(1197,22,1,0,21.8,79.2,27.53,6),(1198,22,1,1,25.78,79.2,32.55,10),(1199,22,1,2,20.09,79.2,25.36,0),(1200,22,1,3,32.65,79.2,41.23,6),(1201,22,1,4,29.85,79.2,37.69,8),(1202,22,1,5,22.34,79.2,28.21,8),(1203,22,1,6,34.28,79.2,43.28,3),(1204,22,1,7,21.15,79.2,26.7,10),(1205,22,1,8,27.79,79.2,35.09,0),(1206,22,2,0,0.49,28.1,1.76,1),(1207,22,2,1,1.01,28.1,3.59,7),(1208,22,2,2,0.13,28.1,0.47,1),(1209,22,2,3,0.84,28.1,3,4),(1210,22,2,4,0.21,28.1,0.74,1),(1211,22,2,5,0.43,28.1,1.54,6),(1212,22,2,6,1.08,28.1,3.84,6),(1213,22,2,7,0.15,28.1,0.55,1),(1214,22,2,8,0.05,28.1,0.19,8),(1215,22,3,0,0.04,14.75735294,0.29,6),(1216,22,3,1,0.05,14.75735294,0.35,3),(1217,22,3,2,0.24,14.75735294,1.64,4),(1218,22,3,3,0.02,14.75735294,0.13,1),(1219,22,3,4,0.45,14.75735294,3.03,2),(1220,22,3,5,0.01,14.75735294,0.09,8),(1221,22,3,6,0.02,14.75735294,0.13,7),(1222,22,3,7,0.02,14.75735294,0.13,1),(1223,22,3,8,0.01,14.75735294,0.05,6),(1224,22,4,0,0.01,19.7,0.07,7),(1225,22,4,1,0,19.7,0.02,0),(1226,22,4,2,0.03,19.7,0.16,1),(1227,22,4,3,0.01,19.7,0.06,10),(1228,22,4,4,0.05,19.7,0.26,7),(1229,22,4,5,0.01,19.7,0.03,0),(1230,22,4,6,0.01,19.7,0.05,9),(1231,22,4,7,0.01,19.7,0.07,1),(1232,22,4,8,0.01,19.7,0.04,1),(1233,22,5,0,0.04,20.80151515,0.2,2),(1234,22,5,1,0.06,20.80151515,0.27,10),(1235,22,5,2,0.75,20.80151515,3.61,5),(1236,22,5,3,1.42,20.80151515,6.81,10),(1237,22,5,4,0.17,20.80151515,0.83,6),(1238,22,5,5,0.26,20.80151515,1.24,10),(1239,22,5,6,0.25,20.80151515,1.2,4),(1240,22,5,7,0.04,20.80151515,0.2,3),(1241,22,5,8,0.02,20.80151515,0.11,2),(1242,23,0,0,23.57,40.4,58.33,7),(1243,23,0,1,19.06,40.4,47.17,3),(1244,23,0,2,0.97,40.4,2.4,7),(1245,23,0,3,7.8,40.4,19.31,6),(1246,23,0,4,15.9,40.4,39.35,7),(1247,23,0,5,17.59,40.4,43.55,9),(1248,23,0,6,11.89,40.4,29.44,2),(1249,23,0,7,21.39,40.4,52.95,6),(1250,23,0,8,5.03,40.4,12.46,1),(1251,23,1,0,21.24,77,27.58,5),(1252,23,1,1,24.59,77,31.93,4),(1253,23,1,2,21.07,77,27.37,0),(1254,23,1,3,32.96,77,42.81,5),(1255,23,1,4,28.7,77,37.27,6),(1256,23,1,5,22.57,77,29.31,2),(1257,23,1,6,33.19,77,43.11,5),(1258,23,1,7,20.8,77,27.01,3),(1259,23,1,8,29.15,77,37.86,7),(1260,23,2,0,0.66,32.1,2.07,7),(1261,23,2,1,1.43,32.1,4.45,4),(1262,23,2,2,0.16,32.1,0.49,0),(1263,23,2,3,1.04,32.1,3.25,7),(1264,23,2,4,0.28,32.1,0.87,10),(1265,23,2,5,0.62,32.1,1.94,0),(1266,23,2,6,1.42,32.1,4.42,6),(1267,23,2,7,0.21,32.1,0.64,9),(1268,23,2,8,0.04,32.1,0.14,7),(1269,23,3,0,0.05,16.05220588,0.3,7),(1270,23,3,1,0.05,16.05220588,0.3,4),(1271,23,3,2,0.36,16.05220588,2.25,5),(1272,23,3,3,0.03,16.05220588,0.19,6),(1273,23,3,4,0.45,16.05220588,2.82,1),(1274,23,3,5,0.02,16.05220588,0.1,6),(1275,23,3,6,0.02,16.05220588,0.15,3),(1276,23,3,7,0.01,16.05220588,0.09,10),(1277,23,3,8,0,16.05220588,0.03,9),(1278,23,4,0,0.01,22.6,0.06,8),(1279,23,4,1,0.01,22.6,0.03,8),(1280,23,4,2,0.04,22.6,0.18,5),(1281,23,4,3,0.01,22.6,0.05,3),(1282,23,4,4,0.05,22.6,0.22,2),(1283,23,4,5,0,22.6,0.02,8),(1284,23,4,6,0.01,22.6,0.03,7),(1285,23,4,7,0.01,22.6,0.03,9),(1286,23,4,8,0,22.6,0.01,0),(1287,23,5,0,0.07,21.70815851,0.32,4),(1288,23,5,1,0.08,21.70815851,0.37,9),(1289,23,5,2,0.92,21.70815851,4.23,5),(1290,23,5,3,1.51,21.70815851,6.94,0),(1291,23,5,4,0.21,21.70815851,0.99,2),(1292,23,5,5,0.3,21.70815851,1.37,4),(1293,23,5,6,0.23,21.70815851,1.08,1),(1294,23,5,7,0.05,21.70815851,0.23,0),(1295,23,5,8,0.07,21.70815851,0.32,0),(1296,24,0,0,26.06,45.5,57.28,7),(1297,24,0,1,21.69,45.5,47.67,9),(1298,24,0,2,1.29,45.5,2.83,0),(1299,24,0,3,8.12,45.5,17.85,2),(1300,24,0,4,18.37,45.5,40.37,4),(1301,24,0,5,19.34,45.5,42.5,3),(1302,24,0,6,12.93,45.5,28.42,8),(1303,24,0,7,24.04,45.5,52.83,2),(1304,24,0,8,4.81,45.5,10.57,1),(1305,24,1,0,20.46,76.1,26.88,6),(1306,24,1,1,23.49,76.1,30.87,1),(1307,24,1,2,20.33,76.1,26.71,3),(1308,24,1,3,31.77,76.1,41.75,8),(1309,24,1,4,27.84,76.1,36.58,6),(1310,24,1,5,23.5,76.1,30.88,6),(1311,24,1,6,33.68,76.1,44.26,10),(1312,24,1,7,20.13,76.1,26.45,9),(1313,24,1,8,29.76,76.1,39.1,8),(1314,24,2,0,0.87,33.7,2.59,9),(1315,24,2,1,1.85,33.7,5.49,3),(1316,24,2,2,0.16,33.7,0.46,0),(1317,24,2,3,1.23,33.7,3.65,4),(1318,24,2,4,0.37,33.7,1.1,0),(1319,24,2,5,0.87,33.7,2.57,0),(1320,24,2,6,1.77,33.7,5.24,7),(1321,24,2,7,0.23,33.7,0.69,9),(1322,24,2,8,0.05,33.7,0.14,2),(1323,24,3,0,0.04,13.6,0.33,1),(1324,24,3,1,0.04,13.6,0.28,3),(1325,24,3,2,0.29,13.6,2.15,7),(1326,24,3,3,0.02,13.6,0.18,5),(1327,24,3,4,0.31,13.6,2.3,1),(1328,24,3,5,0.01,13.6,0.09,0),(1329,24,3,6,0.01,13.6,0.1,4),(1330,24,3,7,0.01,13.6,0.09,4),(1331,24,3,8,0,13.6,0.02,10),(1332,24,4,0,0.02,25.8,0.06,7),(1333,24,4,1,0.01,25.8,0.02,7),(1334,24,4,2,0.04,25.8,0.14,9),(1335,24,4,3,0.02,25.8,0.06,7),(1336,24,4,4,0.05,25.8,0.18,4),(1337,24,4,5,0.01,25.8,0.02,1),(1338,24,4,6,0.01,25.8,0.02,8),(1339,24,4,7,0.01,25.8,0.02,4),(1340,24,4,8,0,25.8,0,10),(1341,24,5,0,0.13,22.61480186,0.58,10),(1342,24,5,1,0.09,22.61480186,0.42,7),(1343,24,5,2,1.05,22.61480186,4.66,2),(1344,24,5,3,1.66,22.61480186,7.35,5),(1345,24,5,4,0.2,22.61480186,0.89,8),(1346,24,5,5,0.35,22.61480186,1.54,9),(1347,24,5,6,0.24,22.61480186,1.07,8),(1348,24,5,7,0.07,22.61480186,0.31,4),(1349,24,5,8,0.21,22.61480186,0.92,10),(1350,25,0,0,43.93,78.3,56.11,5),(1351,25,0,1,36.54,78.3,46.67,10),(1352,25,0,2,1.8,78.3,2.3,1),(1353,25,0,3,14.7,78.3,18.77,2),(1354,25,0,4,28.41,78.3,36.28,7),(1355,25,0,5,37.15,78.3,47.44,9),(1356,25,0,6,23.44,78.3,29.94,3),(1357,25,0,7,42.35,78.3,54.09,4),(1358,25,0,8,8.39,78.3,10.71,2),(1359,25,1,0,20.4,77.5,26.32,7),(1360,25,1,1,25.63,77.5,33.07,0),(1361,25,1,2,21.1,77.5,27.23,7),(1362,25,1,3,31.82,77.5,41.06,6),(1363,25,1,4,26.34,77.5,33.99,0),(1364,25,1,5,22.99,77.5,29.66,4),(1365,25,1,6,34.71,77.5,44.79,2),(1366,25,1,7,20.94,77.5,27.02,0),(1367,25,1,8,32.33,77.5,41.71,5),(1368,25,2,0,1.38,45.4,3.04,6),(1369,25,2,1,2.73,45.4,6.01,8),(1370,25,2,2,0.25,45.4,0.55,10),(1371,25,2,3,1.77,45.4,3.89,1),(1372,25,2,4,0.59,45.4,1.31,3),(1373,25,2,5,0.97,45.4,2.14,6),(1374,25,2,6,2.47,45.4,5.43,2),(1375,25,2,7,0.28,45.4,0.62,9),(1376,25,2,8,0.06,45.4,0.14,3),(1377,25,3,0,0.06,14.3,0.42,1),(1378,25,3,1,0.05,14.3,0.37,8),(1379,25,3,2,0.71,14.3,4.96,0),(1380,25,3,3,0.05,14.3,0.32,4),(1381,25,3,4,0.42,14.3,2.95,5),(1382,25,3,5,0.02,14.3,0.14,2),(1383,25,3,6,0.02,14.3,0.16,7),(1384,25,3,7,0.01,14.3,0.07,1),(1385,25,3,8,0.01,14.3,0.04,1),(1386,25,4,0,0.17,31.6,0.54,9),(1387,25,4,1,0.03,31.6,0.09,2),(1388,25,4,2,0.74,31.6,2.35,4),(1389,25,4,3,0.09,31.6,0.28,6),(1390,25,4,4,0.49,31.6,1.55,9),(1391,25,4,5,0.01,31.6,0.03,10),(1392,25,4,6,0.01,31.6,0.03,4),(1393,25,4,7,0.01,31.6,0.02,2),(1394,25,4,8,0,31.6,0.01,6),(1395,25,5,0,0.09,23.52144522,0.38,10),(1396,25,5,1,0.09,23.52144522,0.37,8),(1397,25,5,2,1.54,23.52144522,6.54,7),(1398,25,5,3,1.68,23.52144522,7.16,9),(1399,25,5,4,0.23,23.52144522,0.99,6),(1400,25,5,5,0.27,23.52144522,1.13,6),(1401,25,5,6,0.21,23.52144522,0.88,8),(1402,25,5,7,0.06,23.52144522,0.27,7),(1403,25,5,8,0.37,23.52144522,1.56,8),(1404,26,0,0,29.07,50.8,57.23,5),(1405,26,0,1,23.04,50.8,45.36,8),(1406,26,0,2,1.23,50.8,2.43,4),(1407,26,0,3,9.55,50.8,18.79,1),(1408,26,0,4,16.86,50.8,33.19,4),(1409,26,0,5,24.82,50.8,48.86,6),(1410,26,0,6,15.34,50.8,30.2,3),(1411,26,0,7,27.34,50.8,53.82,4),(1412,26,0,8,5.41,50.8,10.64,10),(1413,26,1,0,20.74,80.1,25.89,3),(1414,26,1,1,28.28,80.1,35.3,9),(1415,26,1,2,21.22,80.1,26.49,7),(1416,26,1,3,31.17,80.1,38.92,4),(1417,26,1,4,25.3,80.1,31.59,0),(1418,26,1,5,24.04,80.1,30.01,9),(1419,26,1,6,35.95,80.1,44.88,0),(1420,26,1,7,21.86,80.1,27.29,6),(1421,26,1,8,33.98,80.1,42.42,8),(1422,26,2,0,1.21,34.5,3.5,5),(1423,26,2,1,2.38,34.5,6.9,5),(1424,26,2,2,0.26,34.5,0.75,0),(1425,26,2,3,1.37,34.5,3.96,4),(1426,26,2,4,0.55,34.5,1.6,10),(1427,26,2,5,0.84,34.5,2.43,0),(1428,26,2,6,2.12,34.5,6.14,0),(1429,26,2,7,0.21,34.5,0.61,8),(1430,26,2,8,0.07,34.5,0.21,4),(1431,26,3,0,0.09,14.8,0.58,6),(1432,26,3,1,0.07,14.8,0.44,8),(1433,26,3,2,0.94,14.8,6.33,3),(1434,26,3,3,0.07,14.8,0.48,6),(1435,26,3,4,0.54,14.8,3.62,5),(1436,26,3,5,0.03,14.8,0.18,6),(1437,26,3,6,0.04,14.8,0.24,8),(1438,26,3,7,0.01,14.8,0.08,9),(1439,26,3,8,0.01,14.8,0.08,2),(1440,26,4,0,0.29,25.8,1.13,3),(1441,26,4,1,0.04,25.8,0.15,6),(1442,26,4,2,1.02,25.8,3.94,7),(1443,26,4,3,0.13,25.8,0.5,0),(1444,26,4,4,0.74,25.8,2.85,8),(1445,26,4,5,0.01,25.8,0.04,7),(1446,26,4,6,0.01,25.8,0.05,8),(1447,26,4,7,0.01,25.8,0.04,0),(1448,26,4,8,0,25.8,0.01,3),(1449,26,5,0,0.1,23.2,0.41,7),(1450,26,5,1,0.11,23.2,0.46,1),(1451,26,5,2,1.62,23.2,7,9),(1452,26,5,3,1.74,23.2,7.52,4),(1453,26,5,4,0.21,23.2,0.91,9),(1454,26,5,5,0.29,23.2,1.25,1),(1455,26,5,6,0.22,23.2,0.95,9),(1456,26,5,7,0.06,23.2,0.24,7),(1457,26,5,8,0.48,23.2,2.08,0),(1458,27,0,0,23.04,41,56.2,4),(1459,27,0,1,18.69,41,45.58,2),(1460,27,0,2,1.09,41,2.66,7),(1461,27,0,3,7.56,41,18.45,10),(1462,27,0,4,13.49,41,32.9,1),(1463,27,0,5,20.15,41,49.14,4),(1464,27,0,6,12.06,41,29.42,7),(1465,27,0,7,21.92,41,53.47,3),(1466,27,0,8,4.48,41,10.92,1),(1467,27,1,0,19.55,79.8,24.5,6),(1468,27,1,1,27.39,79.8,34.32,0),(1469,27,1,2,20.25,79.8,25.37,10),(1470,27,1,3,29.92,79.8,37.49,8),(1471,27,1,4,25.86,79.8,32.41,4),(1472,27,1,5,24.17,79.8,30.29,1),(1473,27,1,6,35.97,79.8,45.07,6),(1474,27,1,7,21.44,79.8,26.87,9),(1475,27,1,8,33.6,79.8,42.11,8),(1476,27,2,0,1.47,38.5,3.83,8),(1477,27,2,1,2.87,38.5,7.46,3),(1478,27,2,2,0.32,38.5,0.84,7),(1479,27,2,3,1.62,38.5,4.2,0),(1480,27,2,4,0.81,38.5,2.1,1),(1481,27,2,5,1.05,38.5,2.74,10),(1482,27,2,6,2.64,38.5,6.87,3),(1483,27,2,7,0.27,38.5,0.69,0),(1484,27,2,8,0.09,38.5,0.23,5),(1485,27,3,0,0.15,21.4,0.71,4),(1486,27,3,1,0.11,21.4,0.51,10),(1487,27,3,2,1.73,21.4,8.07,0),(1488,27,3,3,0.15,21.4,0.71,4),(1489,27,3,4,0.95,21.4,4.45,9),(1490,27,3,5,0.05,21.4,0.23,10),(1491,27,3,6,0.07,21.4,0.32,9),(1492,27,3,7,0.03,21.4,0.13,7),(1493,27,3,8,0.03,21.4,0.14,0),(1494,27,4,0,0.43,28,1.54,3),(1495,27,4,1,0.07,28,0.26,7),(1496,27,4,2,1.38,28,4.93,3),(1497,27,4,3,0.22,28,0.77,8),(1498,27,4,4,1.08,28,3.85,10),(1499,27,4,5,0.02,28,0.06,9),(1500,27,4,6,0.02,28,0.06,7),(1501,27,4,7,0.02,28,0.06,1),(1502,27,4,8,0,28,0.01,7),(1503,27,5,0,0.11,24.35226107,0.46,5),(1504,27,5,1,0.12,24.35226107,0.49,4),(1505,27,5,2,1.69,24.35226107,6.95,7),(1506,27,5,3,1.89,24.35226107,7.78,10),(1507,27,5,4,0.24,24.35226107,1,8),(1508,27,5,5,0.31,24.35226107,1.26,6),(1509,27,5,6,0.24,24.35226107,0.99,9),(1510,27,5,7,0.07,24.35226107,0.28,4),(1511,27,5,8,0.57,24.35226107,2.33,10),(1512,28,0,0,25.81,46.7,55.27,7),(1513,28,0,1,20.38,46.7,43.63,2),(1514,28,0,2,1.34,46.7,2.86,9),(1515,28,0,3,8.28,46.7,17.72,9),(1516,28,0,4,14.53,46.7,31.12,2),(1517,28,0,5,22.02,46.7,47.15,0),(1518,28,0,6,13.51,46.7,28.92,7),(1519,28,0,7,24.92,46.7,53.37,8),(1520,28,0,8,4.46,46.7,9.56,10),(1521,28,1,0,21.29,83.3,25.56,8),(1522,28,1,1,29.49,83.3,35.4,2),(1523,28,1,2,20.63,83.3,24.77,1),(1524,28,1,3,30.8,83.3,36.98,8),(1525,28,1,4,28.11,83.3,33.75,5),(1526,28,1,5,26.61,83.3,31.94,2),(1527,28,1,6,37.6,83.3,45.14,5),(1528,28,1,7,22.49,83.3,27,3),(1529,28,1,8,35.99,83.3,43.21,1),(1530,28,2,0,1.64,39.1,4.19,4),(1531,28,2,1,3.14,39.1,8.03,2),(1532,28,2,2,0.38,39.1,0.97,10),(1533,28,2,3,1.74,39.1,4.45,6),(1534,28,2,4,1,39.1,2.55,7),(1535,28,2,5,1.21,39.1,3.09,8),(1536,28,2,6,2.98,39.1,7.63,0),(1537,28,2,7,0.28,39.1,0.72,4),(1538,28,2,8,0.08,39.1,0.21,6),(1539,28,3,0,0.23,28.3,0.83,1),(1540,28,3,1,0.18,28.3,0.64,3),(1541,28,3,2,2.78,28.3,9.83,7),(1542,28,3,3,0.3,28.3,1.07,5),(1543,28,3,4,1.52,28.3,5.38,2),(1544,28,3,5,0.09,28.3,0.31,4),(1545,28,3,6,0.11,28.3,0.39,2),(1546,28,3,7,0.05,28.3,0.16,10),(1547,28,3,8,0.05,28.3,0.17,2),(1548,28,4,0,0.61,30.6,1.98,6),(1549,28,4,1,0.12,30.6,0.39,0),(1550,28,4,2,1.78,30.6,5.81,4),(1551,28,4,3,0.34,30.6,1.11,2),(1552,28,4,4,1.33,30.6,4.34,1),(1553,28,4,5,0.02,30.6,0.08,9),(1554,28,4,6,0.02,30.6,0.06,7),(1555,28,4,7,0.03,30.6,0.09,5),(1556,28,4,8,0,30.6,0.01,5),(1557,28,5,0,0.12,25.01328671,0.49,8),(1558,28,5,1,0.14,25.01328671,0.57,5),(1559,28,5,2,1.68,25.01328671,6.73,9),(1560,28,5,3,1.98,25.01328671,7.91,3),(1561,28,5,4,0.28,25.01328671,1.13,9),(1562,28,5,5,0.34,25.01328671,1.36,0),(1563,28,5,6,0.27,25.01328671,1.06,7),(1564,28,5,7,0.08,25.01328671,0.3,10),(1565,28,5,8,0.58,25.01328671,2.3,2),(1566,29,0,0,43.4,77.3,56.15,3),(1567,29,0,1,35.48,77.3,45.9,0),(1568,29,0,2,2.57,77.3,3.32,1),(1569,29,0,3,14.38,77.3,18.6,8),(1570,29,0,4,12.62,77.3,16.33,10),(1571,29,0,5,39.28,77.3,50.81,9),(1572,29,0,6,24.84,77.3,32.13,6),(1573,29,0,7,42.45,77.3,54.92,4),(1574,29,0,8,7.57,77.3,9.79,4),(1575,29,1,0,18.04,74.5,24.22,3),(1576,29,1,1,24.74,74.5,33.21,9),(1577,29,1,2,18.51,74.5,24.85,8),(1578,29,1,3,26.66,74.5,35.78,2),(1579,29,1,4,22.19,74.5,29.79,3),(1580,29,1,5,21.96,74.5,29.48,8),(1581,29,1,6,31.69,74.5,42.54,0),(1582,29,1,7,18.82,74.5,25.26,4),(1583,29,1,8,31.78,74.5,42.66,7),(1584,29,2,0,1.88,42.1,4.47,0),(1585,29,2,1,3.49,42.1,8.28,4),(1586,29,2,2,0.45,42.1,1.06,4),(1587,29,2,3,2.19,42.1,5.2,10),(1588,29,2,4,0.73,42.1,1.74,8),(1589,29,2,5,1.37,42.1,3.26,5),(1590,29,2,6,3.49,42.1,8.29,8),(1591,29,2,7,0.32,42.1,0.77,8),(1592,29,2,8,0.09,42.1,0.21,2),(1593,29,3,0,0.25,28.2,0.89,0),(1594,29,3,1,0.23,28.2,0.81,10),(1595,29,3,2,3.14,28.2,11.15,9),(1596,29,3,3,0.45,28.2,1.6,8),(1597,29,3,4,2.76,28.2,9.77,6),(1598,29,3,5,0.1,28.2,0.37,7),(1599,29,3,6,0.14,28.2,0.48,7),(1600,29,3,7,0.08,28.2,0.28,3),(1601,29,3,8,0.07,28.2,0.26,5),(1602,29,4,0,0.6,27.3,2.18,6),(1603,29,4,1,0.17,27.3,0.62,10),(1604,29,4,2,1.6,27.3,5.86,3),(1605,29,4,3,0.4,27.3,1.47,7),(1606,29,4,4,1.89,27.3,6.93,7),(1607,29,4,5,0.02,27.3,0.08,7),(1608,29,4,6,0.02,27.3,0.06,6),(1609,29,4,7,0.04,27.3,0.13,9),(1610,29,4,8,0,27.3,0.01,3),(1611,29,5,0,0.13,25.67431235,0.49,8),(1612,29,5,1,0.13,25.67431235,0.52,2),(1613,29,5,2,1.63,25.67431235,6.34,7),(1614,29,5,3,1.81,25.67431235,7.04,4),(1615,29,5,4,0.56,25.67431235,2.17,9),(1616,29,5,5,0.33,25.67431235,1.3,0),(1617,29,5,6,0.25,25.67431235,0.97,4),(1618,29,5,7,0.09,25.67431235,0.35,0),(1619,29,5,8,0.55,25.67431235,2.13,7),(1620,30,0,0,29,52.2,55.56,6),(1621,30,0,1,24.35,52.2,46.65,10),(1622,30,0,2,1.66,52.2,3.18,5),(1623,30,0,3,9.01,52.2,17.26,10),(1624,30,0,4,5.22,52.2,10,3),(1625,30,0,5,26.9,52.2,51.54,4),(1626,30,0,6,17.19,52.2,32.94,3),(1627,30,0,7,28.48,52.2,54.55,6),(1628,30,0,8,5.57,52.2,10.68,4),(1629,30,1,0,17.74,78.2,22.69,4),(1630,30,1,1,24.11,78.2,30.83,8),(1631,30,1,2,19.3,78.2,24.68,9),(1632,30,1,3,25.95,78.2,33.19,3),(1633,30,1,4,21.6,78.2,27.62,3),(1634,30,1,5,22.58,78.2,28.88,7),(1635,30,1,6,32.15,78.2,41.11,4),(1636,30,1,7,19.71,78.2,25.2,1),(1637,30,1,8,33.11,78.2,42.34,3),(1638,30,2,0,2.13,39.3,5.43,6),(1639,30,2,1,3.71,39.3,9.45,0),(1640,30,2,2,0.44,39.3,1.12,2),(1641,30,2,3,2.17,39.3,5.53,8),(1642,30,2,4,0.54,39.3,1.37,10),(1643,30,2,5,1.46,39.3,3.72,7),(1644,30,2,6,3.8,39.3,9.68,0),(1645,30,2,7,0.35,39.3,0.89,3),(1646,30,2,8,0.09,39.3,0.23,8),(1647,30,3,0,0.3,27.8,1.08,0),(1648,30,3,1,0.36,27.8,1.28,2),(1649,30,3,2,3.35,27.8,12.06,8),(1650,30,3,3,0.55,27.8,1.97,4),(1651,30,3,4,3.33,27.8,11.97,1),(1652,30,3,5,0.13,27.8,0.45,9),(1653,30,3,6,0.17,27.8,0.61,8),(1654,30,3,7,0.08,27.8,0.3,1),(1655,30,3,8,0.11,27.8,0.38,0),(1656,30,4,0,0.61,24.6,2.48,3),(1657,30,4,1,0.29,24.6,1.19,3),(1658,30,4,2,1.41,24.6,5.72,3),(1659,30,4,3,0.36,24.6,1.47,7),(1660,30,4,4,1.8,24.6,7.32,2),(1661,30,4,5,0.02,24.6,0.09,7),(1662,30,4,6,0.01,24.6,0.06,2),(1663,30,4,7,0.03,24.6,0.13,6),(1664,30,4,8,0,24.6,0.01,9),(1665,30,5,0,0.15,26.335338,0.56,2),(1666,30,5,1,0.16,26.335338,0.59,7),(1667,30,5,2,1.59,26.335338,6.05,7),(1668,30,5,3,1.74,26.335338,6.62,8),(1669,30,5,4,0.81,26.335338,3.07,2),(1670,30,5,5,0.34,26.335338,1.3,6),(1671,30,5,6,0.24,26.335338,0.91,5),(1672,30,5,7,0.13,26.335338,0.5,3),(1673,30,5,8,0.53,26.335338,2.02,2),(1674,31,0,0,21.91,41.3,53.05,2),(1675,31,0,1,19.4,41.3,46.98,2),(1676,31,0,2,1.15,41.3,2.78,9),(1677,31,0,3,7.29,41.3,17.64,3),(1678,31,0,4,3.39,41.3,8.22,10),(1679,31,0,5,20.01,41.3,48.46,7),(1680,31,0,6,12.01,41.3,29.08,4),(1681,31,0,7,22.25,41.3,53.87,6),(1682,31,0,8,4.81,41.3,11.65,5),(1683,31,1,0,16.33,71.5,22.84,6),(1684,31,1,1,21.54,71.5,30.13,10),(1685,31,1,2,17.3,71.5,24.2,4),(1686,31,1,3,23.29,71.5,32.58,4),(1687,31,1,4,18.23,71.5,25.5,2),(1688,31,1,5,21.2,71.5,29.65,0),(1689,31,1,6,30.02,71.5,41.98,9),(1690,31,1,7,18.17,71.5,25.41,7),(1691,31,1,8,30.13,71.5,42.14,5),(1692,31,2,0,3.11,54.2,5.74,10),(1693,31,2,1,4.96,54.2,9.15,9),(1694,31,2,2,0.92,54.2,1.7,6),(1695,31,2,3,3.27,54.2,6.04,0),(1696,31,2,4,0.87,54.2,1.6,2),(1697,31,2,5,2.63,54.2,4.86,9),(1698,31,2,6,5.98,54.2,11.03,7),(1699,31,2,7,0.56,54.2,1.03,0),(1700,31,2,8,0.12,54.2,0.22,1),(1701,31,3,0,0.42,32.4,1.31,10),(1702,31,3,1,0.47,32.4,1.46,0),(1703,31,3,2,5.28,32.4,16.29,6),(1704,31,3,3,0.89,32.4,2.76,0),(1705,31,3,4,5.44,32.4,16.78,4),(1706,31,3,5,0.2,32.4,0.61,6),(1707,31,3,6,0.24,32.4,0.75,0),(1708,31,3,7,0.13,32.4,0.41,6),(1709,31,3,8,0.18,32.4,0.56,1),(1710,31,4,0,0.85,29.4,2.89,6),(1711,31,4,1,0.47,29.4,1.6,8),(1712,31,4,2,1.93,29.4,6.55,8),(1713,31,4,3,0.61,29.4,2.08,5),(1714,31,4,4,2.33,29.4,7.91,3),(1715,31,4,5,0.04,29.4,0.13,1),(1716,31,4,6,0.02,29.4,0.07,0),(1717,31,4,7,0.05,29.4,0.16,8),(1718,31,4,8,0,29.4,0.01,1),(1719,31,5,0,0.14,26.99636364,0.53,10),(1720,31,5,1,0.16,26.99636364,0.59,0),(1721,31,5,2,1.44,26.99636364,5.32,3),(1722,31,5,3,1.5,26.99636364,5.57,7),(1723,31,5,4,0.76,26.99636364,2.8,8),(1724,31,5,5,0.39,26.99636364,1.43,2),(1725,31,5,6,0.27,26.99636364,1.01,1),(1726,31,5,7,0.07,26.99636364,0.27,7),(1727,31,5,8,0.51,26.99636364,1.9,10),(1728,32,0,0,26.5,46.9,56.5,1),(1729,32,0,1,22.42,46.9,47.8,8),(1730,32,0,2,1.39,46.9,2.97,6),(1731,32,0,3,8.7,46.9,18.56,6),(1732,32,0,4,7.06,46.9,15.05,6),(1733,32,0,5,22.53,46.9,48.03,10),(1734,32,0,6,12.72,46.9,27.13,2),(1735,32,0,7,24.85,46.9,52.99,2),(1736,32,0,8,5.46,46.9,11.64,9),(1737,32,1,0,16.19,72.2,22.42,1),(1738,32,1,1,20.97,72.2,29.05,8),(1739,32,1,2,17.25,72.2,23.89,10),(1740,32,1,3,26.64,72.2,36.9,2),(1741,32,1,4,18.21,72.2,25.22,2),(1742,32,1,5,21.4,72.2,29.64,4),(1743,32,1,6,30.3,72.2,41.97,9),(1744,32,1,7,18.41,72.2,25.5,10),(1745,32,1,8,30.63,72.2,42.42,9),(1746,32,2,0,3,52,5.77,6),(1747,32,2,1,5.03,52,9.68,0),(1748,32,2,2,1.15,52,2.22,5),(1749,32,2,3,4.16,52,8,6),(1750,32,2,4,1.37,52,2.63,7),(1751,32,2,5,2.95,52,5.67,3),(1752,32,2,6,6.47,52,12.45,7),(1753,32,2,7,0.5,52,0.97,3),(1754,32,2,8,0.16,52,0.3,9),(1755,32,3,0,0.45,34.3,1.32,4),(1756,32,3,1,0.49,34.3,1.43,2),(1757,32,3,2,6.85,34.3,19.96,6),(1758,32,3,3,1.5,34.3,4.38,7),(1759,32,3,4,5.66,34.3,16.49,2),(1760,32,3,5,0.24,34.3,0.69,0),(1761,32,3,6,0.34,34.3,0.98,7),(1762,32,3,7,0.14,34.3,0.4,8),(1763,32,3,8,0.29,34.3,0.85,7),(1764,32,4,0,0.98,29.9,3.27,10),(1765,32,4,1,0.52,29.9,1.74,9),(1766,32,4,2,2.21,29.9,7.39,10),(1767,32,4,3,0.86,29.9,2.86,2),(1768,32,4,4,2.29,29.9,7.66,7),(1769,32,4,5,0.04,29.9,0.12,5),(1770,32,4,6,0.03,29.9,0.09,1),(1771,32,4,7,0.04,29.9,0.15,0),(1772,32,4,8,0.01,29.9,0.02,10),(1773,32,5,0,0.12,27.37095571,0.45,5),(1774,32,5,1,0.14,27.37095571,0.52,3),(1775,32,5,2,1.28,27.37095571,4.69,3),(1776,32,5,3,1.26,27.37095571,4.62,10),(1777,32,5,4,0.58,27.37095571,2.12,2),(1778,32,5,5,0.39,27.37095571,1.41,9),(1779,32,5,6,0.27,27.37095571,0.99,3),(1780,32,5,7,0.06,27.37095571,0.22,6),(1781,32,5,8,0.5,27.37095571,1.82,3),(1782,33,0,0,42.74,68.4,62.48,0),(1783,33,0,1,36.82,68.4,53.83,5),(1784,33,0,2,1.94,68.4,2.83,2),(1785,33,0,3,14.99,68.4,21.91,4),(1786,33,0,4,30.14,68.4,44.06,4),(1787,33,0,5,37.71,68.4,55.13,10),(1788,33,0,6,22.28,68.4,32.58,2),(1789,33,0,7,39.82,68.4,58.21,7),(1790,33,0,8,9.92,68.4,14.5,7),(1791,33,1,0,14.07,70.4,19.98,0),(1792,33,1,1,17.5,70.4,24.86,0),(1793,33,1,2,16.95,70.4,24.08,1),(1794,33,1,3,26.36,70.4,37.44,8),(1795,33,1,4,18.42,70.4,26.17,8),(1796,33,1,5,18.08,70.4,25.68,3),(1797,33,1,6,28.27,70.4,40.16,6),(1798,33,1,7,15.95,70.4,22.65,7),(1799,33,1,8,27.35,70.4,38.85,7),(1800,33,2,0,3.04,60.5,5.03,0),(1801,33,2,1,5.93,60.5,9.8,3),(1802,33,2,2,1.44,60.5,2.38,9),(1803,33,2,3,5.4,60.5,8.93,6),(1804,33,2,4,3.92,60.5,6.48,10),(1805,33,2,5,3.15,60.5,5.2,5),(1806,33,2,6,7.11,60.5,11.75,2),(1807,33,2,7,0.47,60.5,0.78,4),(1808,33,2,8,0.18,60.5,0.3,7),(1809,33,3,0,0.39,28.6,1.37,6),(1810,33,3,1,0.45,28.6,1.56,3),(1811,33,3,2,6,28.6,20.97,9),(1812,33,3,3,1.69,28.6,5.91,10),(1813,33,3,4,2.11,28.6,7.37,4),(1814,33,3,5,0.22,28.6,0.77,7),(1815,33,3,6,0.36,28.6,1.25,7),(1816,33,3,7,0.2,28.6,0.69,0),(1817,33,3,8,0.37,28.6,1.3,4),(1818,33,4,0,0.82,29.2,2.8,6),(1819,33,4,1,0.39,29.2,1.34,6),(1820,33,4,2,2.37,29.2,8.13,8),(1821,33,4,3,1.02,29.2,3.48,8),(1822,33,4,4,1.6,29.2,5.47,4),(1823,33,4,5,0.04,29.2,0.14,7),(1824,33,4,6,0.04,29.2,0.14,5),(1825,33,4,7,0.06,29.2,0.21,9),(1826,33,4,8,0.01,29.2,0.05,2),(1827,33,5,0,0.12,28.06302183,0.43,10),(1828,33,5,1,0.15,28.06302183,0.52,5),(1829,33,5,2,1.18,28.06302183,4.19,5),(1830,33,5,3,1.14,28.06302183,4.05,9),(1831,33,5,4,0.14,28.06302183,0.5,2),(1832,33,5,5,0.36,28.06302183,1.27,5),(1833,33,5,6,0.27,28.06302183,0.97,1),(1834,33,5,7,0.06,28.06302183,0.2,0),(1835,33,5,8,0.53,28.06302183,1.88,9),(1836,34,0,0,21.17,36.4,58.16,7),(1837,34,0,1,17.77,36.4,48.83,5),(1838,34,0,2,1.01,36.4,2.78,7),(1839,34,0,3,7.59,36.4,20.85,10),(1840,34,0,4,14.91,36.4,40.97,2),(1841,34,0,5,18.46,36.4,50.72,10),(1842,34,0,6,10.71,36.4,29.43,2),(1843,34,0,7,20.52,36.4,56.38,0),(1844,34,0,8,5.16,36.4,14.17,4),(1845,34,1,0,17.28,71.9,24.03,3),(1846,34,1,1,20.82,71.9,28.96,10),(1847,34,1,2,17.39,71.9,24.18,0),(1848,34,1,3,28.23,71.9,39.26,5),(1849,34,1,4,20.61,71.9,28.67,9),(1850,34,1,5,21.42,71.9,29.79,0),(1851,34,1,6,31,71.9,43.12,4),(1852,34,1,7,18.25,71.9,25.38,5),(1853,34,1,8,30.2,71.9,42,2),(1854,34,2,0,3.16,59.1,5.35,10),(1855,34,2,1,6.54,59.1,11.07,6),(1856,34,2,2,1.46,59.1,2.47,3),(1857,34,2,3,6.15,59.1,10.41,6),(1858,34,2,4,5.05,59.1,8.55,0),(1859,34,2,5,3.94,59.1,6.67,10),(1860,34,2,6,8.08,59.1,13.67,2),(1861,34,2,7,0.47,59.1,0.79,4),(1862,34,2,8,0.18,59.1,0.3,7),(1863,34,3,0,0.36,25,1.43,0),(1864,34,3,1,0.45,25,1.79,2),(1865,34,3,2,5.41,25,21.65,4),(1866,34,3,3,1.62,25,6.47,9),(1867,34,3,4,1.84,25,7.35,10),(1868,34,3,5,0.21,25,0.86,8),(1869,34,3,6,0.36,25,1.45,10),(1870,34,3,7,0.21,25,0.83,10),(1871,34,3,8,0.47,25,1.9,0),(1872,34,4,0,0.74,23.1,3.21,2),(1873,34,4,1,0.35,23.1,1.53,1),(1874,34,4,2,2.15,23.1,9.31,3),(1875,34,4,3,0.84,23.1,3.62,7),(1876,34,4,4,1.23,23.1,5.33,5),(1877,34,4,5,0.03,23.1,0.11,4),(1878,34,4,6,0.03,23.1,0.12,9),(1879,34,4,7,0.07,23.1,0.29,5),(1880,34,4,8,0,23.1,0.02,0),(1881,34,5,0,0.12,28.75508794,0.4,8),(1882,34,5,1,0.14,28.75508794,0.47,3),(1883,34,5,2,1.04,28.75508794,3.61,2),(1884,34,5,3,1.02,28.75508794,3.56,1),(1885,34,5,4,0.12,28.75508794,0.43,6),(1886,34,5,5,0.27,28.75508794,0.94,2),(1887,34,5,6,0.24,28.75508794,0.83,4),(1888,34,5,7,0.06,28.75508794,0.21,6),(1889,34,5,8,0.45,28.75508794,1.56,8),(1890,35,0,0,19.26,33.8,56.98,4),(1891,35,0,1,15.26,33.8,45.16,10),(1892,35,0,2,0.93,33.8,2.76,1),(1893,35,0,3,7.02,33.8,20.76,8),(1894,35,0,4,13.13,33.8,38.85,1),(1895,35,0,5,16.52,33.8,48.88,8),(1896,35,0,6,9.47,33.8,28.03,1),(1897,35,0,7,18.16,33.8,53.74,6),(1898,35,0,8,4.53,33.8,13.4,2),(1899,35,1,0,17.46,75.5,23.12,5),(1900,35,1,1,21.36,75.5,28.29,1),(1901,35,1,2,17.31,75.5,22.93,7),(1902,35,1,3,30.8,75.5,40.79,6),(1903,35,1,4,21.17,75.5,28.04,9),(1904,35,1,5,22.2,75.5,29.4,5),(1905,35,1,6,31.98,75.5,42.36,9),(1906,35,1,7,19.43,75.5,25.73,4),(1907,35,1,8,32.57,75.5,43.14,0),(1908,35,2,0,3.94,58.7,6.72,5),(1909,35,2,1,8.23,58.7,14.02,9),(1910,35,2,2,1.61,58.7,2.74,6),(1911,35,2,3,7.27,58.7,12.38,4),(1912,35,2,4,6.39,58.7,10.88,6),(1913,35,2,5,4.64,58.7,7.9,3),(1914,35,2,6,8.59,58.7,14.63,0),(1915,35,2,7,0.56,58.7,0.95,1),(1916,35,2,8,0.19,58.7,0.32,10),(1917,35,3,0,0.48,32.3,1.48,1),(1918,35,3,1,0.66,32.3,2.03,1),(1919,35,3,2,7.14,32.3,22.12,7),(1920,35,3,3,1.66,32.3,5.14,10),(1921,35,3,4,2.22,32.3,6.88,9),(1922,35,3,5,0.32,32.3,0.98,4),(1923,35,3,6,0.57,32.3,1.75,5),(1924,35,3,7,0.23,32.3,0.7,7),(1925,35,3,8,0.83,32.3,2.58,0),(1926,35,4,0,1.04,29.5,3.53,2),(1927,35,4,1,0.59,29.5,1.99,3),(1928,35,4,2,2.84,29.5,9.63,7),(1929,35,4,3,0.89,29.5,3,4),(1930,35,4,4,1.81,29.5,6.12,0),(1931,35,4,5,0.04,29.5,0.14,3),(1932,35,4,6,0.05,29.5,0.16,9),(1933,35,4,7,0.09,29.5,0.3,8),(1934,35,4,8,0.01,29.5,0.03,8),(1935,35,5,0,0.11,29.44715406,0.39,5),(1936,35,5,1,0.14,29.44715406,0.49,10),(1937,35,5,2,0.95,29.44715406,3.22,4),(1938,35,5,3,0.86,29.44715406,2.91,9),(1939,35,5,4,0.1,29.44715406,0.34,0),(1940,35,5,5,0.26,29.44715406,0.87,8),(1941,35,5,6,0.22,29.44715406,0.76,1),(1942,35,5,7,0.05,29.44715406,0.18,0),(1943,35,5,8,0.37,29.44715406,1.27,2),(1944,36,0,0,25.92,46.6,55.62,4),(1945,36,0,1,20.81,46.6,44.65,7),(1946,36,0,2,1.23,46.6,2.64,9),(1947,36,0,3,10.08,46.6,21.64,10),(1948,36,0,4,17.37,46.6,37.28,3),(1949,36,0,5,22.18,46.6,47.6,4),(1950,36,0,6,12.41,46.6,26.63,7),(1951,36,0,7,25.92,46.6,55.62,8),(1952,36,0,8,6.45,46.6,13.84,5),(1953,36,1,0,17.97,78.2,22.98,6),(1954,36,1,1,21.28,78.2,27.21,7),(1955,36,1,2,18.08,78.2,23.12,10),(1956,36,1,3,30.72,78.2,39.28,6),(1957,36,1,4,22.27,78.2,28.48,5),(1958,36,1,5,23.59,78.2,30.16,3),(1959,36,1,6,34.42,78.2,44.01,2),(1960,36,1,7,19.3,78.2,24.68,4),(1961,36,1,8,34.26,78.2,43.81,3),(1962,36,2,0,5.4,66.6,8.11,1),(1963,36,2,1,10.78,66.6,16.18,5),(1964,36,2,2,1.83,66.6,2.75,6),(1965,36,2,3,8.41,66.6,12.63,7),(1966,36,2,4,8.07,66.6,12.11,6),(1967,36,2,5,5.76,66.6,8.65,7),(1968,36,2,6,10,66.6,15.02,4),(1969,36,2,7,0.72,66.6,1.08,9),(1970,36,2,8,0.22,66.6,0.33,10),(1971,36,3,0,0.54,32.7,1.65,2),(1972,36,3,1,0.68,32.7,2.09,0),(1973,36,3,2,7.54,32.7,23.05,0),(1974,36,3,3,1.98,32.7,6.07,0),(1975,36,3,4,2.29,32.7,6.99,4),(1976,36,3,5,0.38,32.7,1.15,9),(1977,36,3,6,0.66,32.7,2.03,10),(1978,36,3,7,0.25,32.7,0.75,8),(1979,36,3,8,1.17,32.7,3.58,8),(1980,36,4,0,1.14,31.2,3.65,4),(1981,36,4,1,0.66,31.2,2.11,0),(1982,36,4,2,3.04,31.2,9.73,10),(1983,36,4,3,1.04,31.2,3.32,1),(1984,36,4,4,1.9,31.2,6.08,10),(1985,36,4,5,0.05,31.2,0.17,10),(1986,36,4,6,0.06,31.2,0.18,8),(1987,36,4,7,0.08,31.2,0.27,4),(1988,36,4,8,0.01,31.2,0.03,5),(1989,36,5,0,0.13,30.13922017,0.43,0),(1990,36,5,1,0.15,30.13922017,0.49,6),(1991,36,5,2,0.82,30.13922017,2.72,8),(1992,36,5,3,0.79,30.13922017,2.62,10),(1993,36,5,4,0.09,30.13922017,0.31,4),(1994,36,5,5,0.26,30.13922017,0.86,10),(1995,36,5,6,0.21,30.13922017,0.71,0),(1996,36,5,7,0.05,30.13922017,0.17,2),(1997,36,5,8,0.31,30.13922017,1.04,5),(1998,37,0,0,38.61,73.8,52.32,2),(1999,37,0,1,34.65,73.8,46.95,7),(2000,37,0,2,1.82,73.8,2.46,6),(2001,37,0,3,15.74,73.8,21.33,7),(2002,37,0,4,24.97,73.8,33.83,1),(2003,37,0,5,36.61,73.8,49.61,6),(2004,37,0,6,21.01,73.8,28.47,3),(2005,37,0,7,40.74,73.8,55.2,7),(2006,37,0,8,8.8,73.8,11.92,2),(2007,37,1,0,17.54,69.4,25.27,4),(2008,37,1,1,18.66,69.4,26.89,4),(2009,37,1,2,15.34,69.4,22.1,0),(2010,37,1,3,26.65,69.4,38.4,2),(2011,37,1,4,20.67,69.4,29.78,0),(2012,37,1,5,19.89,69.4,28.66,9),(2013,37,1,6,28.9,69.4,41.64,0),(2014,37,1,7,18.53,69.4,26.7,1),(2015,37,1,8,31.67,69.4,45.64,2),(2016,37,2,0,5.22,56.2,9.29,6),(2017,37,2,1,8.78,56.2,15.62,6),(2018,37,2,2,1.53,56.2,2.72,5),(2019,37,2,3,8.07,56.2,14.36,8),(2020,37,2,4,8.01,56.2,14.26,10),(2021,37,2,5,5.36,56.2,9.53,4),(2022,37,2,6,9.18,56.2,16.34,9),(2023,37,2,7,0.6,56.2,1.06,0),(2024,37,2,8,0.21,56.2,0.37,1),(2025,37,3,0,0.51,32.8,1.54,2),(2026,37,3,1,0.58,32.8,1.76,7),(2027,37,3,2,7.95,32.8,24.24,0),(2028,37,3,3,2.34,32.8,7.12,0),(2029,37,3,4,2.27,32.8,6.92,1),(2030,37,3,5,0.39,32.8,1.18,7),(2031,37,3,6,0.77,32.8,2.34,2),(2032,37,3,7,0.19,32.8,0.57,4),(2033,37,3,8,1.76,32.8,5.37,9),(2034,37,4,0,1.14,30.6,3.72,8),(2035,37,4,1,0.6,30.6,1.97,10),(2036,37,4,2,3.19,30.6,10.43,3),(2037,37,4,3,1.17,30.6,3.81,10),(2038,37,4,4,1.94,30.6,6.33,3),(2039,37,4,5,0.06,30.6,0.21,3),(2040,37,4,6,0.07,30.6,0.23,0),(2041,37,4,7,0.06,30.6,0.19,10),(2042,37,4,8,0.01,30.6,0.03,9),(2043,37,5,0,0.12,30.83128629,0.38,1),(2044,37,5,1,0.13,30.83128629,0.42,4),(2045,37,5,2,0.69,30.83128629,2.23,3),(2046,37,5,3,0.65,30.83128629,2.12,6),(2047,37,5,4,0.07,30.83128629,0.24,1),(2048,37,5,5,0.21,30.83128629,0.69,4),(2049,37,5,6,0.18,30.83128629,0.6,7),(2050,37,5,7,0.04,30.83128629,0.12,9),(2051,37,5,8,0.25,30.83128629,0.8,2),(2052,38,0,0,19.81,36.7,53.99,7),(2053,38,0,1,15.3,36.7,41.68,9),(2054,38,0,2,1.12,36.7,3.04,6),(2055,38,0,3,9.17,36.7,24.99,5),(2056,38,0,4,12.39,36.7,33.76,4),(2057,38,0,5,18.62,36.7,50.73,2),(2058,38,0,6,10.65,36.7,29.01,4),(2059,38,0,7,21.54,36.7,58.7,1),(2060,38,0,8,4.7,36.7,12.81,3),(2061,38,1,0,14.11,58.3,24.21,1),(2062,38,1,1,15.61,58.3,26.78,3),(2063,38,1,2,12.28,58.3,21.06,0),(2064,38,1,3,21.68,58.3,37.19,10),(2065,38,1,4,17.34,58.3,29.75,5),(2066,38,1,5,16.11,58.3,27.64,5),(2067,38,1,6,23.76,58.3,40.75,0),(2068,38,1,7,14.58,58.3,25.01,7),(2069,38,1,8,26.61,58.3,45.65,2),(2070,38,2,0,4.69,49,9.58,1),(2071,38,2,1,9.8,49,20.01,0),(2072,38,2,2,1.3,49,2.66,5),(2073,38,2,3,6.85,49,13.98,6),(2074,38,2,4,7.38,49,15.06,2),(2075,38,2,5,4.76,49,9.71,6),(2076,38,2,6,8.22,49,16.78,4),(2077,38,2,7,0.51,49,1.04,0),(2078,38,2,8,0.19,49,0.38,5),(2079,38,3,0,0.45,29.5,1.54,4),(2080,38,3,1,0.69,29.5,2.35,5),(2081,38,3,2,7.5,29.5,25.41,1),(2082,38,3,3,2.11,29.5,7.15,1),(2083,38,3,4,1.88,29.5,6.37,4),(2084,38,3,5,0.4,29.5,1.35,6),(2085,38,3,6,0.81,29.5,2.75,4),(2086,38,3,7,0.15,29.5,0.52,10),(2087,38,3,8,1.99,29.5,6.75,3),(2088,38,4,0,1.11,29.61333333,3.74,4),(2089,38,4,1,0.75,29.61333333,2.54,2),(2090,38,4,2,3.27,29.61333333,11.04,0),(2091,38,4,3,1.26,29.61333333,4.27,9),(2092,38,4,4,1.87,29.61333333,6.3,6),(2093,38,4,5,0.09,29.61333333,0.31,5),(2094,38,4,6,0.08,29.61333333,0.26,9),(2095,38,4,7,0.04,29.61333333,0.15,4),(2096,38,4,8,0.01,29.61333333,0.02,9),(2097,38,5,0,0.1,31.52335241,0.31,9),(2098,38,5,1,0.14,31.52335241,0.44,3),(2099,38,5,2,0.63,31.52335241,1.99,9),(2100,38,5,3,0.53,31.52335241,1.69,10),(2101,38,5,4,0.06,31.52335241,0.18,5),(2102,38,5,5,0.2,31.52335241,0.63,0),(2103,38,5,6,0.18,31.52335241,0.58,5),(2104,38,5,7,0.03,31.52335241,0.1,3),(2105,38,5,8,0.2,31.52335241,0.63,5),(2106,39,0,0,19.84,37.6,52.77,0),(2107,39,0,1,15.49,37.6,41.19,10),(2108,39,0,2,1.3,37.6,3.47,6),(2109,39,0,3,10.08,37.6,26.82,6),(2110,39,0,4,12.61,37.6,33.55,8),(2111,39,0,5,18.75,37.6,49.88,8),(2112,39,0,6,10.89,37.6,28.97,1),(2113,39,0,7,22.39,37.6,59.54,8),(2114,39,0,8,4.7,37.6,12.51,8),(2115,39,1,0,13.59,54.2,25.08,1),(2116,39,1,1,15.04,54.2,27.74,2),(2117,39,1,2,11.4,54.2,21.04,6),(2118,39,1,3,19.15,54.2,35.34,3),(2119,39,1,4,15.53,54.2,28.66,10),(2120,39,1,5,15.47,54.2,28.54,2),(2121,39,1,6,21.97,54.2,40.53,7),(2122,39,1,7,13.41,54.2,24.74,10),(2123,39,1,8,24.87,54.2,45.88,9),(2124,39,2,0,5.38,55.8,9.64,8),(2125,39,2,1,10.85,55.8,19.45,6),(2126,39,2,2,1.44,55.8,2.58,4),(2127,39,2,3,7.74,55.8,13.87,2),(2128,39,2,4,7.98,55.8,14.3,2),(2129,39,2,5,5.48,55.8,9.82,5),(2130,39,2,6,9.37,55.8,16.79,3),(2131,39,2,7,0.54,55.8,0.96,8),(2132,39,2,8,0.17,55.8,0.31,1),(2133,39,3,0,0.43,28.5,1.5,9),(2134,39,3,1,0.68,28.5,2.4,0),(2135,39,3,2,7.37,28.5,25.86,8),(2136,39,3,3,2.19,28.5,7.68,7),(2137,39,3,4,1.65,28.5,5.8,10),(2138,39,3,5,0.36,28.5,1.25,8),(2139,39,3,6,0.93,28.5,3.26,1),(2140,39,3,7,0.12,28.5,0.42,0),(2141,39,3,8,2.25,28.5,7.91,3),(2142,39,4,0,0.96,24,4.02,8),(2143,39,4,1,0.65,24,2.69,6),(2144,39,4,2,2.67,24,11.12,6),(2145,39,4,3,1.01,24,4.22,8),(2146,39,4,4,1.53,24,6.39,3),(2147,39,4,5,0.07,24,0.3,0),(2148,39,4,6,0.07,24,0.3,1),(2149,39,4,7,0.03,24,0.11,3),(2150,39,4,8,0,24,0.02,6),(2151,39,5,0,0.12,32.21541852,0.37,8),(2152,39,5,1,0.16,32.21541852,0.5,9),(2153,39,5,2,0.65,32.21541852,2.01,0),(2154,39,5,3,0.54,32.21541852,1.67,3),(2155,39,5,4,0.06,32.21541852,0.18,8),(2156,39,5,5,0.22,32.21541852,0.67,9),(2157,39,5,6,0.19,32.21541852,0.59,7),(2158,39,5,7,0.03,32.21541852,0.1,8),(2159,39,5,8,0.16,32.21541852,0.51,0),(2160,40,0,0,21.91,41.6,52.67,8),(2161,40,0,1,16.91,41.6,40.66,1),(2162,40,0,2,1.37,41.6,3.3,4),(2163,40,0,3,11.51,41.6,27.68,5),(2164,40,0,4,14.45,41.6,34.74,10),(2165,40,0,5,19.31,41.6,46.43,2),(2166,40,0,6,11.66,41.6,28.02,2),(2167,40,0,7,24.66,41.6,59.27,5),(2168,40,0,8,5.92,41.6,14.22,5),(2169,40,1,0,19.59,80.4,24.37,9),(2170,40,1,1,22.37,80.4,27.82,7),(2171,40,1,2,16.88,80.4,21,7),(2172,40,1,3,28.22,80.4,35.1,7),(2173,40,1,4,24.85,80.4,30.91,4),(2174,40,1,5,24.52,80.4,30.5,10),(2175,40,1,6,32.47,80.4,40.39,9),(2176,40,1,7,20.07,80.4,24.96,9),(2177,40,1,8,35.92,80.4,44.68,1),(2178,40,2,0,5.38,51.9,10.37,3),(2179,40,2,1,10.23,51.9,19.71,7),(2180,40,2,2,1.25,51.9,2.41,3),(2181,40,2,3,7.48,51.9,14.41,0),(2182,40,2,4,7.55,51.9,14.55,10),(2183,40,2,5,5.29,51.9,10.2,9),(2184,40,2,6,8.79,51.9,16.93,6),(2185,40,2,7,0.57,51.9,1.09,9),(2186,40,2,8,0.17,51.9,0.33,7),(2187,40,3,0,0.72,46.5,1.55,0),(2188,40,3,1,1.09,46.5,2.34,1),(2189,40,3,2,12.22,46.5,26.27,6),(2190,40,3,3,3.48,46.5,7.49,5),(2191,40,3,4,2.56,46.5,5.5,5),(2192,40,3,5,0.68,46.5,1.47,4),(2193,40,3,6,1.79,46.5,3.84,2),(2194,40,3,7,0.22,46.5,0.48,3),(2195,40,3,8,3.62,46.5,7.78,4),(2196,40,4,0,1.4,33.84380952,4.13,0),(2197,40,4,1,1.07,33.84380952,3.16,5),(2198,40,4,2,3.82,33.84380952,11.28,5),(2199,40,4,3,1.44,33.84380952,4.26,6),(2200,40,4,4,2.01,33.84380952,5.93,0),(2201,40,4,5,0.13,33.84380952,0.37,8),(2202,40,4,6,0.12,33.84380952,0.34,8),(2203,40,4,7,0.04,33.84380952,0.12,10),(2204,40,4,8,0.01,33.84380952,0.03,7),(2205,40,5,0,0.13,32.90748464,0.4,2),(2206,40,5,1,0.16,32.90748464,0.48,10),(2207,40,5,2,0.61,32.90748464,1.84,4),(2208,40,5,3,0.46,32.90748464,1.4,4),(2209,40,5,4,0.04,32.90748464,0.13,3),(2210,40,5,5,0.26,32.90748464,0.78,2),(2211,40,5,6,0.21,32.90748464,0.65,5),(2212,40,5,7,0.04,32.90748464,0.11,4),(2213,40,5,8,0.15,32.90748464,0.46,7);
/*!40000 ALTER TABLE `FactMarket` ENABLE KEYS */;
UNLOCK TABLES;

--
-- Table structure for table `FactMarket_bkp`
--

DROP TABLE IF EXISTS `FactMarket_bkp`;
/*!40101 SET @saved_cs_client     = @@character_set_client */;
/*!50503 SET character_set_client = utf8mb4 */;
CREATE TABLE `FactMarket_bkp` (
  `Time_id` int(11) NOT NULL,
  `Manufacturer_id` int(11) NOT NULL,
  `Region_id` int(11) NOT NULL,
  `Shipments` double DEFAULT NULL,
  `GlobalShipments` double DEFAULT NULL,
  `MarketShare` double DEFAULT NULL,
  `Sentiment` int(11) DEFAULT NULL
) ENGINE=InnoDB DEFAULT CHARSET=utf8;
/*!40101 SET character_set_client = @saved_cs_client */;

--
-- Dumping data for table `FactMarket_bkp`
--

LOCK TABLES `FactMarket_bkp` WRITE;
/*!40000 ALTER TABLE `FactMarket_bkp` DISABLE KEYS */;
INSERT INTO `FactMarket_bkp` VALUES (0,0,0,8.13,14.1,57.64,2),(0,0,1,10.38,14.1,73.65,6),(0,0,2,0.12,14.1,0.85,5),(0,0,3,1.81,14.1,12.81,4),(0,0,4,9.19,14.1,65.16,9),(0,0,5,6.54,14.1,46.36,10),(0,0,6,9.86,14.1,69.92,5),(0,0,7,6.57,14.1,46.59,7),(0,0,8,1.48,14.1,10.48,6),(0,1,0,0.07,7.3,0.99,5),(0,1,1,0.16,7.3,2.19,5),(0,1,2,0.68,7.3,9.29,8),(0,1,3,0.03,7.3,0.43,4),(0,1,4,0.17,7.3,2.28,6),(0,1,5,0.1,7.3,1.31,8),(0,1,6,0.31,7.3,4.22,4),(0,1,7,0.37,7.3,5.04,1),(0,1,8,0.37,7.3,5.03,1),(0,2,0,0,1.8,0,4),(0,2,1,0,1.8,0,1),(0,2,2,0,1.8,0,4),(0,2,3,0,1.8,0,5),(0,2,4,0,1.8,0,3),(0,2,5,0,1.8,0,3),(0,2,6,0,1.8,0,5),(0,2,7,0,1.8,0,0),(0,2,8,0,1.8,0,8),(0,3,0,0,0,0,3),(0,3,1,0,0,0,0),(0,3,2,0,0,0,1),(0,3,3,0,0,0,1),(0,3,4,0,0,0,5),(0,3,5,0,0,0,7),(0,3,6,0,0,0,6),(0,3,7,0,0,0,4),(0,3,8,0,0,0,3),(0,4,0,0,0.744920008,0,8),(0,4,1,0,0.744920008,0,3),(0,4,2,0,0.744920008,0,0),(0,4,3,0,0.744920008,0,7),(0,4,4,0,0.744920008,0,6),(0,4,5,0,0.744920008,0,10),(0,4,6,0,0.744920008,0,9),(0,4,7,0,0.744920008,0,1),(0,4,8,0,0.744920008,0,3),(0,5,0,0,0.855361305,0,2),(0,5,1,0,0.855361305,0,5),(0,5,2,0,0.855361305,0,6),(0,5,3,0,0.855361305,0,5),(0,5,4,0,0.855361305,0,1),(0,5,5,0,0.855361305,0,6),(0,5,6,0,0.855361305,0,4),(0,5,7,0,0.855361305,0,10),(0,5,8,0,0.855361305,0,10),(1,0,0,12.77,16.2,78.85,6),(1,0,1,12.06,16.2,74.46,3),(1,0,2,0.15,16.2,0.91,1),(1,0,3,2.37,16.2,14.63,9),(1,0,4,11.39,16.2,70.31,9),(1,0,5,6.82,16.2,42.08,7),(1,0,6,11.58,16.2,71.49,1),(1,0,7,7,16.2,43.18,6),(1,0,8,0.78,16.2,4.83,8),(1,1,0,0.16,9.6,1.65,5),(1,1,1,0.24,9.6,2.47,9),(1,1,2,1.07,9.6,11.19,4),(1,1,3,0.05,9.6,0.49,3),(1,1,4,0.22,9.6,2.3,2),(1,1,5,0.16,9.6,1.7,7),(1,1,6,0.56,9.6,5.81,0),(1,1,7,0.64,9.6,6.63,5),(1,1,8,1.52,9.6,15.84,2),(1,2,0,0,2.4,0,3),(1,2,1,0,2.4,0,4),(1,2,2,0,2.4,0,9),(1,2,3,0,2.4,0,5),(1,2,4,0,2.4,0,9),(1,2,5,0,2.4,0,4),(1,2,6,0,2.4,0,5),(1,2,7,0,2.4,0,9),(1,2,8,0,2.4,0,7),(1,3,0,0,0,0,4),(1,3,1,0,0,0,0),(1,3,2,0,0,0,10),(1,3,3,0,0,0,2),(1,3,4,0,0,0,10),(1,3,5,0,0,0,10),(1,3,6,0,0,0,0),(1,3,7,0,0,0,4),(1,3,8,0,0,0,9),(1,4,0,0,1.572392245,0,5),(1,4,1,0,1.572392245,0,10),(1,4,2,0,1.572392245,0,1),(1,4,3,0,1.572392245,0,9),(1,4,4,0,1.572392245,0,3),(1,4,5,0,1.572392245,0,6),(1,4,6,0,1.572392245,0,9),(1,4,7,0,1.572392245,0,3),(1,4,8,0,1.572392245,0,9),(1,5,0,0,1.762004662,0,3),(1,5,1,0,1.762004662,0,2),(1,5,2,0,1.762004662,0,5),(1,5,3,0,1.762004662,0,5),(1,5,4,0,1.762004662,0,8),(1,5,5,0,1.762004662,0,3),(1,5,6,0,1.762004662,0,1),(1,5,7,0,1.762004662,0,7),(1,5,8,0,1.762004662,0,10),(2,0,0,15.4,18.6,82.78,5),(2,0,1,14.55,18.6,78.25,5),(2,0,2,0.16,18.6,0.87,5),(2,0,3,3.22,18.6,17.3,9),(2,0,4,14.53,18.6,78.12,5),(2,0,5,8.6,18.6,46.21,10),(2,0,6,13.45,18.6,72.31,7),(2,0,7,9.27,18.6,49.83,8),(2,0,8,0.84,18.6,4.54,9),(2,1,0,0.19,11.5,1.67,9),(2,1,1,0.25,11.5,2.2,5),(2,1,2,1.47,11.5,12.8,7),(2,1,3,0.09,11.5,0.79,4),(2,1,4,0.28,11.5,2.44,4),(2,1,5,0.25,11.5,2.18,8),(2,1,6,0.83,11.5,7.23,2),(2,1,7,0.82,11.5,7.1,8),(2,1,8,3,11.5,26.05,1),(2,2,0,0,3.6,0,6),(2,2,1,0,3.6,0,10),(2,2,2,0,3.6,0,5),(2,2,3,0,3.6,0,8),(2,2,4,0,3.6,0,6),(2,2,5,0,3.6,0,4),(2,2,6,0,3.6,0,2),(2,2,7,0,3.6,0,9),(2,2,8,0,3.6,0,1),(2,3,0,0,0,0,3),(2,3,1,0,0,0,2),(2,3,2,0,0,0,6),(2,3,3,0,0,0,10),(2,3,4,0,0,0,6),(2,3,5,0,0,0,5),(2,3,6,0,0,0,4),(2,3,7,0,0,0,9),(2,3,8,0,0,0,6),(2,4,0,0,2.399864483,0,8),(2,4,1,0,2.399864483,0,1),(2,4,2,0,2.399864483,0,4),(2,4,3,0,2.399864483,0,4),(2,4,4,0,2.399864483,0,10),(2,4,5,0,2.399864483,0,4),(2,4,6,0,2.399864483,0,1),(2,4,7,0,2.399864483,0,8),(2,4,8,0,2.399864483,0,1),(2,5,0,0,2.668648019,0,4),(2,5,1,0,2.668648019,0,4),(2,5,2,0,2.668648019,0,1),(2,5,3,0,2.668648019,0,6),(2,5,4,0,2.668648019,0,6),(2,5,5,0,2.668648019,0,0),(2,5,6,0,2.668648019,0,2),(2,5,7,0,2.668648019,0,0),(2,5,8,0,2.668648019,0,6),(3,0,0,17.09,20.4,83.76,4),(3,0,1,16.14,20.4,79.12,10),(3,0,2,0.15,20.4,0.74,1),(3,0,3,3.89,20.4,19.06,10),(3,0,4,15.46,20.4,75.79,5),(3,0,5,8.92,20.4,43.75,1),(3,0,6,14.42,20.4,70.7,8),(3,0,7,10.17,20.4,49.86,9),(3,0,8,0.81,20.4,3.95,1),(3,1,0,0.36,18.4,1.98,3),(3,1,1,0.56,18.4,3.03,3),(3,1,2,2.92,18.4,15.88,0),(3,1,3,0.19,18.4,1.04,5),(3,1,4,0.95,18.4,5.18,7),(3,1,5,0.56,18.4,3.02,0),(3,1,6,1.73,18.4,9.38,10),(3,1,7,1.48,18.4,8.06,5),(3,1,8,5.42,18.4,29.43,7),(3,2,0,0,7.3,0,5),(3,2,1,0,7.3,0,1),(3,2,2,0,7.3,0,2),(3,2,3,0,7.3,0,9),(3,2,4,0,7.3,0,4),(3,2,5,0,7.3,0,3),(3,2,6,0,7.3,0,10),(3,2,7,0,7.3,0,6),(3,2,8,0,7.3,0,7),(3,3,0,0,0,0,2),(3,3,1,0,0,0,9),(3,3,2,0,0,0,3),(3,3,3,0,0,0,8),(3,3,4,0,0,0,3),(3,3,5,0,0,0,8),(3,3,6,0,0,0,2),(3,3,7,0,0,0,3),(3,3,8,0,0,0,7),(3,4,0,0,3.227336721,0,7),(3,4,1,0,3.227336721,0,5),(3,4,2,0,3.227336721,0,7),(3,4,3,0,3.227336721,0,10),(3,4,4,0,3.227336721,0,3),(3,4,5,0,3.227336721,0,0),(3,4,6,0,3.227336721,0,3),(3,4,7,0,3.227336721,0,1),(3,4,8,0,3.227336721,0,1),(3,5,0,0,3.575291375,0,8),(3,5,1,0,3.575291375,0,10),(3,5,2,0,3.575291375,0,6),(3,5,3,0,3.575291375,0,4),(3,5,4,0,3.575291375,0,9),(3,5,5,0,3.575291375,0,0),(3,5,6,0,3.575291375,0,8),(3,5,7,0,3.575291375,0,4),(3,5,8,0,3.575291375,0,3),(4,0,0,14.12,17.1,82.56,9),(4,0,1,13.02,17.1,76.12,1),(4,0,2,0.12,17.1,0.7,4),(4,0,3,3.15,17.1,18.41,3),(4,0,4,12.7,17.1,74.27,9),(4,0,5,7.33,17.1,42.85,7),(4,0,6,11.07,17.1,64.73,10),(4,0,7,9.89,17.1,57.83,5),(4,0,8,0.74,17.1,4.35,7),(4,1,0,1.39,28.1,4.95,9),(4,1,1,1.98,28.1,7.03,7),(4,1,2,5.12,28.1,18.23,2),(4,1,3,0.46,28.1,1.64,8),(4,1,4,2.48,28.1,8.83,7),(4,1,5,1.33,28.1,4.75,1),(4,1,6,4.35,28.1,15.47,9),(4,1,7,2.84,28.1,10.12,1),(4,1,8,8.53,28.1,30.34,2),(4,2,0,0,8.2,0,0),(4,2,1,0,8.2,0,6),(4,2,2,0,8.2,0,5),(4,2,3,0,8.2,0,6),(4,2,4,0,8.2,0,1),(4,2,5,0,8.2,0,1),(4,2,6,0,8.2,0,0),(4,2,7,0,8.2,0,8),(4,2,8,0,8.2,0,3),(4,3,0,0,0,0,2),(4,3,1,0,0,0,3),(4,3,2,0,0,0,2),(4,3,3,0,0,0,3),(4,3,4,0,0,0,4),(4,3,5,0,0,0,1),(4,3,6,0,0,0,0),(4,3,7,0,0,0,4),(4,3,8,0,0,0,3),(4,4,0,0,4.054808959,0,5),(4,4,1,0,4.054808959,0,10),(4,4,2,0,4.054808959,0,10),(4,4,3,0,4.054808959,0,1),(4,4,4,0,4.054808959,0,8),(4,4,5,0,4.054808959,0,9),(4,4,6,0,4.054808959,0,5),(4,4,7,0,4.054808959,0,2),(4,4,8,0,4.054808959,0,9),(4,5,0,0,4.481934732,0,1),(4,5,1,0,4.481934732,0,8),(4,5,2,0,4.481934732,0,6),(4,5,3,0,4.481934732,0,4),(4,5,4,0,4.481934732,0,1),(4,5,5,0,4.481934732,0,5),(4,5,6,0,4.481934732,0,2),(4,5,7,0,4.481934732,0,1),(4,5,8,0,4.481934732,0,3),(5,0,0,28.45,37,76.89,1),(5,0,1,26.05,37,70.4,7),(5,0,2,0.29,37,0.78,0),(5,0,3,6.41,37,17.33,9),(5,0,4,27.47,37,74.25,6),(5,0,5,16.01,37,43.26,4),(5,0,6,20.24,37,54.7,10),(5,0,7,21.57,37,58.3,8),(5,0,8,2.9,37,7.84,2),(5,1,0,2.59,36.2,7.16,10),(5,1,1,3.7,36.2,10.21,0),(5,1,2,7.18,36.2,19.84,9),(5,1,3,1.12,36.2,3.1,1),(5,1,4,3.49,36.2,9.65,8),(5,1,5,2.23,36.2,6.16,4),(5,1,6,6.1,36.2,16.85,4),(5,1,7,3.98,36.2,10.99,1),(5,1,8,10.11,36.2,27.93,0),(5,2,0,0,10.8,0,8),(5,2,1,0,10.8,0,2),(5,2,2,0,10.8,0,10),(5,2,3,0,10.8,0,9),(5,2,4,0,10.8,0,2),(5,2,5,0,10.8,0,9),(5,2,6,0,10.8,0,2),(5,2,7,0,10.8,0,1),(5,2,8,0,10.8,0,0),(5,3,0,0,0.660202504,0,10),(5,3,1,0,0.660202504,0,9),(5,3,2,0,0.660202504,0,1),(5,3,3,0,0.660202504,0,0),(5,3,4,0,0.660202504,0,9),(5,3,5,0,0.660202504,0,2),(5,3,6,0,0.660202504,0,8),(5,3,7,0,0.660202504,0,6),(5,3,8,0,0.660202504,0,5),(5,4,0,0,4.882281197,0,6),(5,4,1,0,4.882281197,0,10),(5,4,2,0,4.882281197,0,5),(5,4,3,0,4.882281197,0,1),(5,4,4,0,4.882281197,0,2),(5,4,5,0,4.882281197,0,10),(5,4,6,0,4.882281197,0,0),(5,4,7,0,4.882281197,0,1),(5,4,8,0,4.882281197,0,6),(5,5,0,0,5.388578089,0,1),(5,5,1,0,5.388578089,0,5),(5,5,2,0,5.388578089,0,2),(5,5,3,0,5.388578089,0,1),(5,5,4,0,5.388578089,0,8),(5,5,5,0,5.388578089,0,7),(5,5,6,0,5.388578089,0,8),(5,5,7,0,5.388578089,0,2),(5,5,8,0,5.388578089,0,8),(6,0,0,26.77,35.1,76.28,8),(6,0,1,24.32,35.1,69.29,0),(6,0,2,0.3,35.1,0.85,7),(6,0,3,7.74,35.1,22.05,9),(6,0,4,25.25,35.1,71.93,10),(6,0,5,15.54,35.1,44.28,5),(6,0,6,18.29,35.1,52.1,0),(6,0,7,20.79,35.1,59.22,4),(6,0,8,2.95,35.1,8.4,2),(6,1,0,3.9,44,8.87,3),(6,1,1,4.87,44,11.07,5),(6,1,2,9.41,44,21.38,1),(6,1,3,2.46,44,5.6,9),(6,1,4,5.53,44,12.56,9),(6,1,5,3.01,44,6.83,10),(6,1,6,7.57,44,17.2,5),(6,1,7,5.15,44,11.7,1),(6,1,8,10.82,44,24.6,7),(6,2,0,0,9.3,0.02,10),(6,2,1,0,9.3,0.04,2),(6,2,2,0,9.3,0,3),(6,2,3,0,9.3,0,4),(6,2,4,0,9.3,0,7),(6,2,5,0,9.3,0,7),(6,2,6,0,9.3,0.02,6),(6,2,7,0.01,9.3,0.07,0),(6,2,8,0,9.3,0,7),(6,3,0,0,1.677239904,0,10),(6,3,1,0,1.677239904,0,9),(6,3,2,0,1.677239904,0,4),(6,3,3,0,1.677239904,0,3),(6,3,4,0,1.677239904,0,1),(6,3,5,0,1.677239904,0,6),(6,3,6,0,1.677239904,0,4),(6,3,7,0,1.677239904,0,6),(6,3,8,0,1.677239904,0,7),(6,4,0,0,5.709753435,0,10),(6,4,1,0,5.709753435,0,9),(6,4,2,0,5.709753435,0,3),(6,4,3,0,5.709753435,0,5),(6,4,4,0,5.709753435,0,1),(6,4,5,0,5.709753435,0,7),(6,4,6,0,5.709753435,0,0),(6,4,7,0,5.709753435,0,4),(6,4,8,0,5.709753435,0,7),(6,5,0,0,6.295221445,0,5),(6,5,1,0,6.295221445,0,9),(6,5,2,0,6.295221445,0,7),(6,5,3,0,6.295221445,0,9),(6,5,4,0,6.295221445,0,0),(6,5,5,0,6.295221445,0,8),(6,5,6,0,6.295221445,0,0),(6,5,7,0,6.295221445,0,10),(6,5,8,0,6.295221445,0,5),(7,0,0,18.65,26,71.72,7),(7,0,1,16.23,26,62.44,4),(7,0,2,0.18,26,0.71,7),(7,0,3,4.27,26,16.44,8),(7,0,4,15.98,26,61.48,9),(7,0,5,10.92,26,42.01,5),(7,0,6,10.62,26,40.83,5),(7,0,7,12.58,26,48.39,4),(7,0,8,2.37,26,9.12,7),(7,1,0,5.86,50.3,11.66,3),(7,1,1,7.19,50.3,14.3,3),(7,1,2,11.27,50.3,22.4,3),(7,1,3,3.65,50.3,7.25,3),(7,1,4,8.35,50.3,16.61,8),(7,1,5,4.88,50.3,9.7,7),(7,1,6,11.21,50.3,22.28,7),(7,1,7,5.91,50.3,11.74,5),(7,1,8,10.99,50.3,21.84,3),(7,2,0,0.05,10.4,0.48,8),(7,2,1,0.15,10.4,1.49,5),(7,2,2,0.01,10.4,0.08,7),(7,2,3,0,10.4,0.02,1),(7,2,4,0.01,10.4,0.13,8),(7,2,5,0.02,10.4,0.15,4),(7,2,6,0.05,10.4,0.49,8),(7,2,7,0.12,10.4,1.2,0),(7,2,8,0.01,10.4,0.09,8),(7,3,0,0,2.694277304,0,10),(7,3,1,0,2.694277304,0,6),(7,3,2,0,2.694277304,0,3),(7,3,3,0,2.694277304,0,10),(7,3,4,0,2.694277304,0,7),(7,3,5,0,2.694277304,0,5),(7,3,6,0,2.694277304,0,10),(7,3,7,0,2.694277304,0,0),(7,3,8,0,2.694277304,0,7),(7,4,0,0,6.537225673,0,5),(7,4,1,0,6.537225673,0,1),(7,4,2,0,6.537225673,0,0),(7,4,3,0,6.537225673,0,5),(7,4,4,0,6.537225673,0,4),(7,4,5,0,6.537225673,0,5),(7,4,6,0,6.537225673,0,8),(7,4,7,0,6.537225673,0,6),(7,4,8,0,6.537225673,0,9),(7,5,0,0,7.201864802,0,10),(7,5,1,0,7.201864802,0,1),(7,5,2,0,7.201864802,0,5),(7,5,3,0,7.201864802,0,3),(7,5,4,0,7.201864802,0,2),(7,5,5,0,7.201864802,0,9),(7,5,6,0,7.201864802,0,8),(7,5,7,0,7.201864802,0,7),(7,5,8,0,7.201864802,0,3),(8,0,0,18.55,26.9,68.97,0),(8,0,1,15.45,26.9,57.42,8),(8,0,2,0.21,26.9,0.79,4),(8,0,3,3.91,26.9,14.52,9),(8,0,4,15.3,26.9,56.86,10),(8,0,5,11.66,26.9,43.34,5),(8,0,6,10.32,26.9,38.38,1),(8,0,7,13.57,26.9,50.44,8),(8,0,8,2.96,26.9,11.01,10),(8,1,0,8.78,56.3,15.6,3),(8,1,1,11.27,56.3,20.01,0),(8,1,2,15.78,56.3,28.03,5),(8,1,3,6.05,56.3,10.75,5),(8,1,4,14.27,56.3,25.34,3),(8,1,5,8.1,56.3,14.39,5),(8,1,6,16.34,56.3,29.03,3),(8,1,7,7.3,56.3,12.96,8),(8,1,8,15.6,56.3,27.71,7),(8,2,0,0.06,12.5,0.45,3),(8,2,1,0.25,12.5,1.99,6),(8,2,2,0.01,12.5,0.09,4),(8,2,3,0,12.5,0.02,0),(8,2,4,0.04,12.5,0.28,10),(8,2,5,0.03,12.5,0.21,5),(8,2,6,0.07,12.5,0.6,6),(8,2,7,0.18,12.5,1.42,2),(8,2,8,0.02,12.5,0.15,0),(8,3,0,0,3.711314704,0,7),(8,3,1,0,3.711314704,0.01,2),(8,3,2,0,3.711314704,0,7),(8,3,3,0,3.711314704,0,7),(8,3,4,0,3.711314704,0.01,8),(8,3,5,0,3.711314704,0,10),(8,3,6,0,3.711314704,0,10),(8,3,7,0,3.711314704,0,10),(8,3,8,0,3.711314704,0,10),(8,4,0,0,7.364697911,0,6),(8,4,1,0,7.364697911,0,5),(8,4,2,0,7.364697911,0,8),(8,4,3,0,7.364697911,0,10),(8,4,4,0,7.364697911,0,9),(8,4,5,0,7.364697911,0,6),(8,4,6,0,7.364697911,0,8),(8,4,7,0,7.364697911,0,7),(8,4,8,0,7.364697911,0,6),(8,5,0,0,8.108508159,0,4),(8,5,1,0,8.108508159,0.01,7),(8,5,2,0,8.108508159,0,1),(8,5,3,0,8.108508159,0,3),(8,5,4,0,8.108508159,0,4),(8,5,5,0,8.108508159,0,10),(8,5,6,0,8.108508159,0,10),(8,5,7,0,8.108508159,0,4),(8,5,8,0,8.108508159,0,7),(9,0,0,32.45,47.8,67.89,5),(9,0,1,26.84,47.8,56.16,0),(9,0,2,0.38,47.8,0.8,1),(9,0,3,6.3,47.8,13.19,3),(9,0,4,25.15,47.8,52.62,8),(9,0,5,21,47.8,43.93,0),(9,0,6,17.35,47.8,36.29,8),(9,0,7,24.2,47.8,50.63,8),(9,0,8,5.65,47.8,11.82,6),(9,1,0,11.3,63.7,17.74,2),(9,1,1,14.29,63.7,22.43,4),(9,1,2,17.88,63.7,28.07,7),(9,1,3,8,63.7,12.56,7),(9,1,4,18.75,63.7,29.44,8),(9,1,5,10.87,63.7,17.06,4),(9,1,6,20.47,63.7,32.13,9),(9,1,7,9.05,63.7,14.21,6),(9,1,8,19.42,63.7,30.48,3),(9,2,0,0.05,10.8,0.42,8),(9,2,1,0.24,10.8,2.19,4),(9,2,2,0.01,10.8,0.08,4),(9,2,3,0.01,10.8,0.06,0),(9,2,4,0.05,10.8,0.42,4),(9,2,5,0.02,10.8,0.22,9),(9,2,6,0.07,10.8,0.67,0),(9,2,7,0.16,10.8,1.48,9),(9,2,8,0.02,10.8,0.15,5),(9,3,0,0,4.728352104,0,4),(9,3,1,0,4.728352104,0.02,10),(9,3,2,0,4.728352104,0,0),(9,3,3,0,4.728352104,0,8),(9,3,4,0,4.728352104,0,2),(9,3,5,0,4.728352104,0,10),(9,3,6,0,4.728352104,0,3),(9,3,7,0,4.728352104,0,1),(9,3,8,0,4.728352104,0,8),(9,4,0,0,8.192170149,0,1),(9,4,1,0,8.192170149,0,0),(9,4,2,0,8.192170149,0,1),(9,4,3,0,8.192170149,0,5),(9,4,4,0,8.192170149,0,8),(9,4,5,0,8.192170149,0,0),(9,4,6,0,8.192170149,0,1),(9,4,7,0,8.192170149,0,6),(9,4,8,0,8.192170149,0,10),(9,5,0,0,9.015151515,0,2),(9,5,1,0,9.015151515,0.01,7),(9,5,2,0,9.015151515,0,9),(9,5,3,0,9.015151515,0,1),(9,5,4,0,9.015151515,0.01,7),(9,5,5,0,9.015151515,0,7),(9,5,6,0,9.015151515,0,6),(9,5,7,0,9.015151515,0,3),(9,5,8,0,9.015151515,0,10),(10,0,0,25.46,37.4,68.08,8),(10,0,1,20.68,37.4,55.3,0),(10,0,2,0.41,37.4,1.09,9),(10,0,3,7.7,37.4,20.6,2),(10,0,4,18.61,37.4,49.75,7),(10,0,5,17.94,37.4,47.98,5),(10,0,6,12.97,37.4,34.68,2),(10,0,7,19.77,37.4,52.87,0),(10,0,8,5.31,37.4,14.2,5),(10,1,0,13.21,69.7,18.95,3),(10,1,1,17.08,69.7,24.51,3),(10,1,2,18.76,69.7,26.91,8),(10,1,3,14.66,69.7,21.04,2),(10,1,4,23.06,69.7,33.09,8),(10,1,5,13.69,69.7,19.64,3),(10,1,6,23.66,69.7,33.94,0),(10,1,7,10.87,69.7,15.6,1),(10,1,8,23.11,69.7,33.16,10),(10,2,0,0.04,9.3,0.39,3),(10,2,1,0.19,9.3,2.01,3),(10,2,2,0.01,9.3,0.09,9),(10,2,3,0.02,9.3,0.17,7),(10,2,4,0.04,9.3,0.45,8),(10,2,5,0.02,9.3,0.22,8),(10,2,6,0.07,9.3,0.72,2),(10,2,7,0.13,9.3,1.42,4),(10,2,8,0.01,9.3,0.13,6),(10,3,0,0,5.745389504,0.01,3),(10,3,1,0,5.745389504,0.02,2),(10,3,2,0,5.745389504,0,3),(10,3,3,0,5.745389504,0,4),(10,3,4,0,5.745389504,0.01,6),(10,3,5,0,5.745389504,0,5),(10,3,6,0,5.745389504,0,10),(10,3,7,0,5.745389504,0,1),(10,3,8,0,5.745389504,0,7),(10,4,0,0,9.019642387,0,3),(10,4,1,0,9.019642387,0,3),(10,4,2,0,9.019642387,0,8),(10,4,3,0,9.019642387,0,1),(10,4,4,0,9.019642387,0,7),(10,4,5,0,9.019642387,0,10),(10,4,6,0,9.019642387,0,2),(10,4,7,0,9.019642387,0,8),(10,4,8,0,9.019642387,0,8),(10,5,0,0,7.9,0,9),(10,5,1,0,7.9,0.01,6),(10,5,2,0,7.9,0.02,3),(10,5,3,0,7.9,0,9),(10,5,4,0,7.9,0.01,4),(10,5,5,0,7.9,0,9),(10,5,6,0,7.9,0,7),(10,5,7,0,7.9,0,6),(10,5,8,0,7.9,0,3),(11,0,0,21.06,31.2,67.49,0),(11,0,1,16.78,31.2,53.77,10),(11,0,2,0.34,31.2,1.1,4),(11,0,3,6.06,31.2,19.42,3),(11,0,4,14.75,31.2,47.29,4),(11,0,5,14.99,31.2,48.05,9),(11,0,6,10.86,31.2,34.81,6),(11,0,7,16.91,31.2,54.19,3),(11,0,8,4.71,31.2,15.09,5),(11,1,0,15.55,77.3,20.12,7),(11,1,1,20.38,77.3,26.37,6),(11,1,2,21.08,77.3,27.27,4),(11,1,3,17.94,77.3,23.21,6),(11,1,4,29.36,77.3,37.98,1),(11,1,5,15.61,77.3,20.2,10),(11,1,6,27.69,77.3,35.82,2),(11,1,7,13.98,77.3,18.08,2),(11,1,8,26.19,77.3,33.88,3),(11,2,0,0.04,10.4,0.4,10),(11,2,1,0.21,10.4,2.02,8),(11,2,2,0.01,10.4,0.09,5),(11,2,3,0.03,10.4,0.3,0),(11,2,4,0.05,10.4,0.46,9),(11,2,5,0.02,10.4,0.2,5),(11,2,6,0.08,10.4,0.78,0),(11,2,7,0.14,10.4,1.34,0),(11,2,8,0.01,10.4,0.1,6),(11,3,0,0,6.762426904,0.01,4),(11,3,1,0,6.762426904,0.04,5),(11,3,2,0,6.762426904,0,0),(11,3,3,0,6.762426904,0,10),(11,3,4,0,6.762426904,0.01,1),(11,3,5,0,6.762426904,0,7),(11,3,6,0,6.762426904,0.01,0),(11,3,7,0,6.762426904,0,9),(11,3,8,0,6.762426904,0,8),(11,4,0,0,9.847114625,0,1),(11,4,1,0,9.847114625,0,4),(11,4,2,0,9.847114625,0,2),(11,4,3,0,9.847114625,0,0),(11,4,4,0,9.847114625,0,6),(11,4,5,0,9.847114625,0,0),(11,4,6,0,9.847114625,0,5),(11,4,7,0,9.847114625,0,6),(11,4,8,0,9.847114625,0,9),(11,5,0,0,11.4,0.01,0),(11,5,1,0,11.4,0.02,6),(11,5,2,0.01,11.4,0.13,5),(11,5,3,0,11.4,0.01,7),(11,5,4,0,11.4,0.02,6),(11,5,5,0,11.4,0,7),(11,5,6,0,11.4,0,0),(11,5,7,0,11.4,0,5),(11,5,8,0,11.4,0,7),(12,0,0,22.35,33.8,66.13,7),(12,0,1,17.88,33.8,52.9,8),(12,0,2,0.36,33.8,1.06,3),(12,0,3,4.68,33.8,13.85,9),(12,0,4,14.86,33.8,43.96,0),(12,0,5,15.85,33.8,46.89,9),(12,0,6,11.15,33.8,32.99,10),(12,0,7,17.79,33.8,52.63,0),(12,0,8,5.33,33.8,15.77,5),(12,1,0,18.16,85,21.36,10),(12,1,1,22.92,85,26.97,0),(12,1,2,22.78,85,26.8,8),(12,1,3,21.04,85,24.75,8),(12,1,4,34.14,85,40.17,8),(12,1,5,17.84,85,20.99,6),(12,1,6,32.27,85,37.96,1),(12,1,7,16.1,85,18.94,5),(12,1,8,30.62,85,36.02,2),(12,2,0,0.06,12.5,0.46,0),(12,2,1,0.26,12.5,2.04,10),(12,2,2,0.01,12.5,0.09,6),(12,2,3,0.04,12.5,0.3,10),(12,2,4,0.06,12.5,0.51,3),(12,2,5,0.03,12.5,0.27,0),(12,2,6,0.12,12.5,0.99,3),(12,2,7,0.15,12.5,1.24,8),(12,2,8,0.01,12.5,0.1,2),(12,3,0,0,5.6,0.02,5),(12,3,1,0,5.6,0.05,2),(12,3,2,0,5.6,0,2),(12,3,3,0,5.6,0.02,4),(12,3,4,0,5.6,0.02,6),(12,3,5,0,5.6,0,6),(12,3,6,0,5.6,0.01,9),(12,3,7,0,5.6,0,5),(12,3,8,0,5.6,0,5),(12,4,0,0,10.67458686,0,8),(12,4,1,0,10.67458686,0,8),(12,4,2,0,10.67458686,0,4),(12,4,3,0,10.67458686,0,5),(12,4,4,0,10.67458686,0,8),(12,4,5,0,10.67458686,0,2),(12,4,6,0,10.67458686,0,10),(12,4,7,0,10.67458686,0,3),(12,4,8,0,10.67458686,0,0),(12,5,0,0,12.3,0.01,0),(12,5,1,0,12.3,0.02,6),(12,5,2,0.04,12.3,0.29,10),(12,5,3,0.01,12.3,0.07,9),(12,5,4,0,12.3,0.02,8),(12,5,5,0,12.3,0.01,0),(12,5,6,0,12.3,0.01,0),(12,5,7,0,12.3,0.01,10),(12,5,8,0,12.3,0,8),(13,0,0,32.91,51,64.53,7),(13,0,1,25.02,51,49.06,9),(13,0,2,0.54,51,1.06,5),(13,0,3,7.23,51,14.18,0),(13,0,4,20.27,51,39.75,10),(13,0,5,22.67,51,44.46,10),(13,0,6,16.57,51,32.5,8),(13,0,7,26.32,51,51.6,5),(13,0,8,7.15,51,14.01,0),(13,1,0,19.2,84.4,22.75,3),(13,1,1,23.27,84.4,27.57,10),(13,1,2,23.35,84.4,27.66,3),(13,1,3,23.44,84.4,27.77,0),(13,1,4,32.27,84.4,38.24,7),(13,1,5,16.72,84.4,19.81,10),(13,1,6,33.29,84.4,39.44,6),(13,1,7,17.22,84.4,20.4,8),(13,1,8,31.98,84.4,37.89,7),(13,2,0,0.11,16.6,0.64,9),(13,2,1,0.44,16.6,2.65,1),(13,2,2,0.01,16.6,0.09,9),(13,2,3,0.07,16.6,0.45,10),(13,2,4,0.06,16.6,0.38,0),(13,2,5,0.06,16.6,0.36,8),(13,2,6,0.22,16.6,1.34,5),(13,2,7,0.19,16.6,1.14,2),(13,2,8,0.02,16.6,0.12,8),(13,3,0,0,5.9,0.03,9),(13,3,1,0,5.9,0.08,0),(13,3,2,0,5.9,0,6),(13,3,3,0,5.9,0.01,7),(13,3,4,0,5.9,0.02,4),(13,3,5,0,5.9,0,3),(13,3,6,0,5.9,0.01,2),(13,3,7,0,5.9,0,1),(13,3,8,0,5.9,0,6),(13,4,0,0,11.5020591,0,9),(13,4,1,0,11.5020591,0,2),(13,4,2,0,11.5020591,0,2),(13,4,3,0,11.5020591,0,2),(13,4,4,0,11.5020591,0,9),(13,4,5,0,11.5020591,0,10),(13,4,6,0,11.5020591,0,1),(13,4,7,0,11.5020591,0,4),(13,4,8,0,11.5020591,0,9),(13,5,0,0,13.9,0.02,5),(13,5,1,0,13.9,0.03,5),(13,5,2,0.07,13.9,0.49,5),(13,5,3,0.04,13.9,0.31,2),(13,5,4,0.01,13.9,0.04,10),(13,5,5,0.01,13.9,0.04,4),(13,5,6,0.01,13.9,0.05,10),(13,5,7,0,13.9,0.01,4),(13,5,8,0,13.9,0.01,6),(14,0,0,27.09,43.7,61.99,5),(14,0,1,20.62,43.7,47.19,10),(14,0,2,0.54,43.7,1.24,9),(14,0,3,7.18,43.7,16.42,9),(14,0,4,16.78,43.7,38.39,7),(14,0,5,16.07,43.7,36.78,5),(14,0,6,13.58,43.7,31.07,1),(14,0,7,23.34,43.7,53.42,6),(14,0,8,6.03,43.7,13.79,10),(14,1,0,21.84,88.5,24.68,8),(14,1,1,26.97,88.5,30.48,3),(14,1,2,27.2,88.5,30.73,1),(14,1,3,29.5,88.5,33.33,5),(14,1,4,38.59,88.5,43.61,9),(14,1,5,20.36,88.5,23.01,10),(14,1,6,36.48,88.5,41.22,9),(14,1,7,19.8,88.5,22.37,3),(14,1,8,35.54,88.5,40.16,3),(14,2,0,0.11,13.5,0.83,6),(14,2,1,0.43,13.5,3.18,0),(14,2,2,0.01,13.5,0.11,3),(14,2,3,0.08,13.5,0.6,1),(14,2,4,0.05,13.5,0.4,7),(14,2,5,0.05,13.5,0.36,7),(14,2,6,0.24,13.5,1.77,10),(14,2,7,0.13,13.5,0.97,10),(14,2,8,0.02,13.5,0.16,8),(14,3,0,0,10.5828314,0.03,4),(14,3,1,0.01,10.5828314,0.11,4),(14,3,2,0,10.5828314,0,4),(14,3,3,0,10.5828314,0,10),(14,3,4,0,10.5828314,0.04,6),(14,3,5,0,10.5828314,0,9),(14,3,6,0,10.5828314,0.02,0),(14,3,7,0,10.5828314,0.01,0),(14,3,8,0,10.5828314,0,8),(14,4,0,0,12.32953134,0,6),(14,4,1,0,12.32953134,0,6),(14,4,2,0,12.32953134,0,10),(14,4,3,0,12.32953134,0,2),(14,4,4,0,12.32953134,0,5),(14,4,5,0,12.32953134,0,2),(14,4,6,0,12.32953134,0,6),(14,4,7,0,12.32953134,0,9),(14,4,8,0,12.32953134,0,6),(14,5,0,0.01,12.6,0.04,8),(14,5,1,0,12.6,0.03,5),(14,5,2,0.06,12.6,0.49,7),(14,5,3,0.1,12.6,0.8,9),(14,5,4,0.01,12.6,0.09,3),(14,5,5,0.02,12.6,0.19,1),(14,5,6,0.03,12.6,0.21,9),(14,5,7,0,12.6,0.03,9),(14,5,8,0,12.6,0.01,9),(15,0,0,21.08,35.2,59.88,8),(15,0,1,16.05,35.2,45.6,10),(15,0,2,0.44,35.2,1.25,6),(15,0,3,5.71,35.2,16.23,5),(15,0,4,12.86,35.2,36.54,0),(15,0,5,16.71,35.2,47.48,0),(15,0,6,10.49,35.2,29.79,7),(15,0,7,18.17,35.2,51.61,1),(15,0,8,5.39,35.2,15.3,3),(15,1,0,19.8,74.9,26.43,3),(15,1,1,24.32,74.9,32.47,8),(15,1,2,24.25,74.9,32.38,2),(15,1,3,27.99,74.9,37.37,0),(15,1,4,33.9,74.9,45.26,9),(15,1,5,17.65,74.9,23.56,9),(15,1,6,32.3,74.9,43.12,7),(15,1,7,18.75,74.9,25.03,9),(15,1,8,30.42,74.9,40.61,5),(15,2,0,0.18,20.2,0.87,8),(15,2,1,0.58,20.2,2.85,10),(15,2,2,0.03,20.2,0.13,3),(15,2,3,0.17,20.2,0.84,3),(15,2,4,0.1,20.2,0.51,5),(15,2,5,0.09,20.2,0.43,6),(15,2,6,0.44,20.2,2.18,9),(15,2,7,0.18,20.2,0.87,6),(15,2,8,0.02,20.2,0.11,6),(15,3,0,0,13.8,0.03,6),(15,3,1,0.01,13.8,0.09,1),(15,3,2,0,13.8,0,7),(15,3,3,0,13.8,0,8),(15,3,4,0.01,13.8,0.04,1),(15,3,5,0,13.8,0,9),(15,3,6,0,13.8,0.02,1),(15,3,7,0,13.8,0,10),(15,3,8,0,13.8,0,2),(15,4,0,0,13.15700358,0,8),(15,4,1,0,13.15700358,0,7),(15,4,2,0,13.15700358,0,0),(15,4,3,0,13.15700358,0,7),(15,4,4,0,13.15700358,0.01,7),(15,4,5,0,13.15700358,0,9),(15,4,6,0,13.15700358,0,2),(15,4,7,0,13.15700358,0,0),(15,4,8,0,13.15700358,0,7),(15,5,0,0.01,15.8,0.05,7),(15,5,1,0.01,15.8,0.05,0),(15,5,2,0.09,15.8,0.54,3),(15,5,3,0.21,15.8,1.35,9),(15,5,4,0.03,15.8,0.18,8),(15,5,5,0.02,15.8,0.15,0),(15,5,6,0.04,15.8,0.25,8),(15,5,7,0.01,15.8,0.04,5),(15,5,8,0,15.8,0.01,9),(16,0,0,22.82,39.3,58.06,0),(16,0,1,17.58,39.3,44.74,2),(16,0,2,0.5,39.3,1.28,7),(16,0,3,5.95,39.3,15.15,6),(16,0,4,11.26,39.3,28.65,0),(16,0,5,18.3,39.3,46.56,4),(16,0,6,9.98,39.3,25.4,5),(16,0,7,20.48,39.3,52.1,9),(16,0,8,5.52,39.3,14.04,2),(16,1,0,22.46,79.6,28.22,9),(16,1,1,27.65,79.6,34.74,7),(16,1,2,26.11,79.6,32.8,2),(16,1,3,31.66,79.6,39.78,1),(16,1,4,29.62,79.6,37.21,2),(16,1,5,19.78,79.6,24.85,6),(16,1,6,37.33,79.6,46.9,10),(16,1,7,20.76,79.6,26.08,6),(16,1,8,32.14,79.6,40.38,5),(16,2,0,0.12,16.5,0.75,3),(16,2,1,0.41,16.5,2.5,6),(16,2,2,0.02,16.5,0.15,9),(16,2,3,0.18,16.5,1.07,5),(16,2,4,0.07,16.5,0.43,2),(16,2,5,0.08,16.5,0.51,6),(16,2,6,0.35,16.5,2.12,1),(16,2,7,0.11,16.5,0.66,4),(16,2,8,0.02,16.5,0.11,3),(16,3,0,0.01,17.3,0.08,7),(16,3,1,0.03,17.3,0.19,4),(16,3,2,0.01,17.3,0.04,7),(16,3,3,0,17.3,0.01,5),(16,3,4,0.19,17.3,1.11,3),(16,3,5,0,17.3,0.01,4),(16,3,6,0,17.3,0.02,7),(16,3,7,0,17.3,0.01,9),(16,3,8,0,17.3,0,6),(16,4,0,0,13.98447581,0.01,3),(16,4,1,0,13.98447581,0.01,2),(16,4,2,0,13.98447581,0.02,4),(16,4,3,0,13.98447581,0,7),(16,4,4,0.01,13.98447581,0.05,7),(16,4,5,0,13.98447581,0,7),(16,4,6,0,13.98447581,0,3),(16,4,7,0,13.98447581,0,0),(16,4,8,0,13.98447581,0,0),(16,5,0,0.01,16.9,0.08,7),(16,5,1,0.01,16.9,0.06,3),(16,5,2,0.1,16.9,0.59,7),(16,5,3,0.29,16.9,1.72,6),(16,5,4,0.03,16.9,0.19,10),(16,5,5,0.04,16.9,0.22,1),(16,5,6,0.06,16.9,0.33,3),(16,5,7,0.01,16.9,0.06,6),(16,5,8,0,16.9,0.02,0),(17,0,0,43.95,74.5,59,1),(17,0,1,32.58,74.5,43.73,10),(17,0,2,0.96,74.5,1.29,6),(17,0,3,9.63,74.5,12.92,10),(17,0,4,24.96,74.5,33.5,4),(17,0,5,36.42,74.5,48.89,1),(17,0,6,18.59,74.5,24.95,1),(17,0,7,38.8,74.5,52.08,7),(17,0,8,12.7,74.5,17.05,10),(17,1,0,20.58,75.1,27.41,0),(17,1,1,26.93,75.1,35.86,8),(17,1,2,23.53,75.1,31.33,8),(17,1,3,32.74,75.1,43.6,2),(17,1,4,32.87,75.1,43.77,0),(17,1,5,18.98,75.1,25.27,3),(17,1,6,35.76,75.1,47.61,9),(17,1,7,20.42,75.1,27.19,2),(17,1,8,28.63,75.1,38.12,10),(17,2,0,0.18,23.6,0.78,6),(17,2,1,0.61,23.6,2.6,10),(17,2,2,0.04,23.6,0.19,9),(17,2,3,0.31,23.6,1.32,10),(17,2,4,0.13,23.6,0.54,7),(17,2,5,0.14,23.6,0.58,5),(17,2,6,0.48,23.6,2.02,6),(17,2,7,0.13,23.6,0.54,7),(17,2,8,0.03,23.6,0.11,8),(17,3,0,0.02,16.5,0.12,1),(17,3,1,0.05,16.5,0.32,3),(17,3,2,0.06,16.5,0.37,7),(17,3,3,0,16.5,0.02,0),(17,3,4,0.44,16.5,2.67,5),(17,3,5,0,16.5,0.03,6),(17,3,6,0,16.5,0.03,9),(17,3,7,0,16.5,0.02,1),(17,3,8,0,16.5,0,2),(17,4,0,0,14.81194805,0.01,8),(17,4,1,0,14.81194805,0.03,6),(17,4,2,0.01,14.81194805,0.05,2),(17,4,3,0,14.81194805,0.01,4),(17,4,4,0.02,14.81194805,0.12,10),(17,4,5,0,14.81194805,0.01,2),(17,4,6,0,14.81194805,0.01,5),(17,4,7,0,14.81194805,0.01,0),(17,4,8,0,14.81194805,0,5),(17,5,0,0.01,14.1,0.09,9),(17,5,1,0.01,14.1,0.08,4),(17,5,2,0.09,14.1,0.67,10),(17,5,3,0.37,14.1,2.6,3),(17,5,4,0.04,14.1,0.3,8),(17,5,5,0.04,14.1,0.31,10),(17,5,6,0.06,14.1,0.41,4),(17,5,7,0.01,14.1,0.07,0),(17,5,8,0,14.1,0.03,0),(18,0,0,35.82,61.2,58.53,6),(18,0,1,26.77,61.2,43.75,10),(18,0,2,0.92,61.2,1.51,6),(18,0,3,8.04,61.2,13.14,9),(18,0,4,21.96,61.2,35.89,5),(18,0,5,30.84,61.2,50.39,5),(18,0,6,17.15,61.2,28.03,5),(18,0,7,31.86,61.2,52.06,10),(18,0,8,7.03,61.2,11.48,3),(18,1,0,22.22,82.4,26.97,8),(18,1,1,29.22,82.4,35.46,5),(18,1,2,24.49,82.4,29.72,4),(18,1,3,37.47,82.4,45.47,7),(18,1,4,35.84,82.4,43.5,8),(18,1,5,20.16,82.4,24.46,1),(18,1,6,34.87,82.4,42.32,0),(18,1,7,21.47,82.4,26.05,10),(18,1,8,31.86,82.4,38.67,8),(18,2,0,0.16,17.4,0.92,1),(18,2,1,0.48,17.4,2.77,5),(18,2,2,0.05,17.4,0.29,10),(18,2,3,0.29,17.4,1.67,0),(18,2,4,0.12,17.4,0.67,7),(18,2,5,0.1,17.4,0.56,1),(18,2,6,0.4,17.4,2.31,2),(18,2,7,0.08,17.4,0.47,0),(18,2,8,0.03,17.4,0.16,9),(18,3,0,0.02,12.62925898,0.17,5),(18,3,1,0.05,12.62925898,0.39,1),(18,3,2,0.09,12.62925898,0.75,3),(18,3,3,0,12.62925898,0.03,8),(18,3,4,0.39,12.62925898,3.11,8),(18,3,5,0.01,12.62925898,0.04,10),(18,3,6,0.01,12.62925898,0.06,10),(18,3,7,0,12.62925898,0.02,9),(18,3,8,0,12.62925898,0.01,9),(18,4,0,0,7.3,0.03,1),(18,4,1,0,7.3,0.03,10),(18,4,2,0.01,7.3,0.1,6),(18,4,3,0,7.3,0.02,7),(18,4,4,0.01,7.3,0.19,9),(18,4,5,0,7.3,0.01,1),(18,4,6,0,7.3,0.02,1),(18,4,7,0,7.3,0.01,3),(18,4,8,0,7.3,0,1),(18,5,0,0.03,18.8,0.15,2),(18,5,1,0.02,18.8,0.09,2),(18,5,2,0.16,18.8,0.83,10),(18,5,3,0.71,18.8,3.79,9),(18,5,4,0.08,18.8,0.4,5),(18,5,5,0.11,18.8,0.58,5),(18,5,6,0.14,18.8,0.72,4),(18,5,7,0.02,18.8,0.1,2),(18,5,8,0.01,18.8,0.07,10),(19,0,0,25.97,47.5,54.67,3),(19,0,1,22.46,47.5,47.28,7),(19,0,2,0.76,47.5,1.6,4),(19,0,3,5.72,47.5,12.05,4),(19,0,4,18.03,47.5,37.96,7),(19,0,5,22.19,47.5,46.71,5),(19,0,6,13.47,47.5,28.35,4),(19,0,7,23.36,47.5,49.17,1),(19,0,8,5.68,47.5,11.95,7),(19,1,0,20.01,73,27.41,3),(19,1,1,23.74,73,32.52,3),(19,1,2,20.75,73,28.43,6),(19,1,3,32.8,73,44.93,8),(19,1,4,30.31,73,41.52,4),(19,1,5,17.78,73,24.35,1),(19,1,6,30.89,73,42.31,4),(19,1,7,19.8,73,27.12,10),(19,1,8,27.38,73,37.51,1),(19,2,0,0.33,29.6,1.1,9),(19,2,1,0.84,29.6,2.84,5),(19,2,2,0.11,29.6,0.36,5),(19,2,3,0.55,29.6,1.86,2),(19,2,4,0.18,29.6,0.62,2),(19,2,5,0.28,29.6,0.96,9),(19,2,6,0.74,29.6,2.5,3),(19,2,7,0.17,29.6,0.59,1),(19,2,8,0.08,29.6,0.26,9),(19,3,0,0.04,17.9,0.22,4),(19,3,1,0.05,17.9,0.3,7),(19,3,2,0.15,17.9,0.86,4),(19,3,3,0.01,17.9,0.04,4),(19,3,4,0.56,17.9,3.13,5),(19,3,5,0.04,17.9,0.22,7),(19,3,6,0.01,17.9,0.06,9),(19,3,7,0.04,17.9,0.25,3),(19,3,8,0.01,17.9,0.05,0),(19,4,0,0.01,9.6,0.07,4),(19,4,1,0,9.6,0.04,2),(19,4,2,0.01,9.6,0.14,3),(19,4,3,0,9.6,0.04,6),(19,4,4,0.02,9.6,0.21,8),(19,4,5,0.01,9.6,0.09,7),(19,4,6,0,9.6,0.02,8),(19,4,7,0.01,9.6,0.07,10),(19,4,8,0,9.6,0.03,5),(19,5,0,0.04,16.2,0.22,8),(19,5,1,0.01,16.2,0.09,5),(19,5,2,0.21,16.2,1.27,2),(19,5,3,0.76,16.2,4.68,3),(19,5,4,0.07,16.2,0.44,8),(19,5,5,0.11,16.2,0.68,3),(19,5,6,0.13,16.2,0.83,7),(19,5,7,0.02,16.2,0.13,5),(19,5,8,0.01,16.2,0.07,10),(20,0,0,28.33,48,59.03,0),(20,0,1,22.77,48,47.43,0),(20,0,2,0.8,48,1.66,3),(20,0,3,7.07,48,14.72,1),(20,0,4,18.84,48,39.25,4),(20,0,5,21.77,48,45.36,7),(20,0,6,13.79,48,28.73,3),(20,0,7,24.36,48,50.75,8),(20,0,8,6.48,48,13.5,7),(20,1,0,22.35,83.8,26.67,3),(20,1,1,27.07,83.8,32.3,10),(20,1,2,22.84,83.8,27.25,8),(20,1,3,37.52,83.8,44.77,10),(20,1,4,33.07,83.8,39.46,5),(20,1,5,20.55,83.8,24.52,2),(20,1,6,35.39,83.8,42.23,5),(20,1,7,22.15,83.8,26.43,10),(20,1,8,30.02,83.8,35.82,3),(20,2,0,0.36,27.3,1.33,9),(20,2,1,0.91,27.3,3.32,3),(20,2,2,0.11,27.3,0.41,0),(20,2,3,0.61,27.3,2.22,7),(20,2,4,0.17,27.3,0.61,6),(20,2,5,0.27,27.3,0.98,6),(20,2,6,0.77,27.3,2.82,10),(20,2,7,0.18,27.3,0.65,4),(20,2,8,0.05,27.3,0.18,10),(20,3,0,0.05,18.3,0.25,9),(20,3,1,0.07,18.3,0.39,5),(20,3,2,0.18,18.3,1,0),(20,3,3,0.01,18.3,0.06,3),(20,3,4,0.54,18.3,2.95,9),(20,3,5,0.03,18.3,0.16,3),(20,3,6,0.02,18.3,0.11,5),(20,3,7,0.05,18.3,0.3,1),(20,3,8,0,18.3,0.02,4),(20,4,0,0.01,11.4,0.05,2),(20,4,1,0,11.4,0.03,5),(20,4,2,0.02,11.4,0.15,5),(20,4,3,0.01,11.4,0.05,5),(20,4,4,0.03,11.4,0.24,8),(20,4,5,0,11.4,0.04,4),(20,4,6,0,11.4,0.02,5),(20,4,7,0.01,11.4,0.11,4),(20,4,8,0,11.4,0.01,9),(20,5,0,0.03,18.8,0.15,2),(20,5,1,0.02,18.8,0.13,2),(20,5,2,0.39,18.8,2.08,1),(20,5,3,1.04,18.8,5.52,0),(20,5,4,0.12,18.8,0.65,6),(20,5,5,0.14,18.8,0.74,4),(20,5,6,0.18,18.8,0.95,3),(20,5,7,0.03,18.8,0.15,3),(20,5,8,0.01,18.8,0.07,1),(21,0,0,43.68,74.8,58.4,3),(21,0,1,35.18,74.8,47.03,5),(21,0,2,1.23,74.8,1.64,4),(21,0,3,11.89,74.8,15.89,6),(21,0,4,28.75,74.8,38.44,8),(21,0,5,32.87,74.8,43.94,6),(21,0,6,21.36,74.8,28.55,7),(21,0,7,38.31,74.8,51.21,2),(21,0,8,9.38,74.8,12.54,7),(21,1,0,22.75,81.7,27.84,8),(21,1,1,26.92,81.7,32.95,4),(21,1,2,20.55,81.7,25.15,6),(21,1,3,35.34,81.7,43.25,9),(21,1,4,31.7,81.7,38.8,7),(21,1,5,22.29,81.7,27.28,9),(21,1,6,35.66,81.7,43.65,0),(21,1,7,21.9,81.7,26.81,5),(21,1,8,27.97,81.7,34.24,3),(21,2,0,0.48,32.7,1.46,3),(21,2,1,1.18,32.7,3.61,5),(21,2,2,0.14,32.7,0.42,0),(21,2,3,0.85,32.7,2.59,6),(21,2,4,0.21,32.7,0.64,5),(21,2,5,0.41,32.7,1.24,1),(21,2,6,1.03,32.7,3.16,7),(21,2,7,0.15,32.7,0.47,4),(21,2,8,0.04,32.7,0.13,8),(21,3,0,0.05,18.2,0.28,0),(21,3,1,0.07,18.2,0.36,8),(21,3,2,0.21,18.2,1.14,5),(21,3,3,0.02,18.2,0.1,9),(21,3,4,0.56,18.2,3.08,3),(21,3,5,0.01,18.2,0.07,10),(21,3,6,0.02,18.2,0.12,2),(21,3,7,0.01,18.2,0.05,8),(21,3,8,0,18.2,0.01,0),(21,4,0,0.01,14.4,0.05,0),(21,4,1,0,14.4,0.03,1),(21,4,2,0.02,14.4,0.14,7),(21,4,3,0.01,14.4,0.06,5),(21,4,4,0.03,14.4,0.23,6),(21,4,5,0,14.4,0.02,2),(21,4,6,0,14.4,0.02,10),(21,4,7,0,14.4,0.02,9),(21,4,8,0,14.4,0,9),(21,5,0,0.03,20.2,0.17,5),(21,5,1,0.04,20.2,0.22,5),(21,5,2,0.57,20.2,2.84,3),(21,5,3,1.28,20.2,6.35,3),(21,5,4,0.16,20.2,0.78,0),(21,5,5,0.21,20.2,1.02,9),(21,5,6,0.2,20.2,1.01,5),(21,5,7,0.04,20.2,0.18,5),(21,5,8,0.01,20.2,0.07,6),(22,0,0,30.27,51.2,59.13,10),(22,0,1,24.62,51.2,48.09,7),(22,0,2,1.03,51.2,2.01,1),(22,0,3,9.12,51.2,17.81,2),(22,0,4,20.2,51.2,39.46,8),(22,0,5,22.63,51.2,44.2,5),(22,0,6,14.85,51.2,29.01,0),(22,0,7,27.04,51.2,52.81,3),(22,0,8,5.82,51.2,11.37,6),(22,1,0,21.8,79.2,27.53,10),(22,1,1,25.78,79.2,32.55,2),(22,1,2,20.09,79.2,25.36,7),(22,1,3,32.65,79.2,41.23,8),(22,1,4,29.85,79.2,37.69,8),(22,1,5,22.34,79.2,28.21,7),(22,1,6,34.28,79.2,43.28,5),(22,1,7,21.15,79.2,26.7,6),(22,1,8,27.79,79.2,35.09,9),(22,2,0,0.49,28.1,1.76,10),(22,2,1,1.01,28.1,3.59,4),(22,2,2,0.13,28.1,0.47,10),(22,2,3,0.84,28.1,3,7),(22,2,4,0.21,28.1,0.74,6),(22,2,5,0.43,28.1,1.54,4),(22,2,6,1.08,28.1,3.84,4),(22,2,7,0.15,28.1,0.55,7),(22,2,8,0.05,28.1,0.19,7),(22,3,0,0.04,14.75735294,0.29,9),(22,3,1,0.05,14.75735294,0.35,9),(22,3,2,0.24,14.75735294,1.64,4),(22,3,3,0.02,14.75735294,0.13,4),(22,3,4,0.45,14.75735294,3.03,0),(22,3,5,0.01,14.75735294,0.09,10),(22,3,6,0.02,14.75735294,0.13,7),(22,3,7,0.02,14.75735294,0.13,4),(22,3,8,0.01,14.75735294,0.05,4),(22,4,0,0.01,19.7,0.07,8),(22,4,1,0,19.7,0.02,5),(22,4,2,0.03,19.7,0.16,1),(22,4,3,0.01,19.7,0.06,6),(22,4,4,0.05,19.7,0.26,10),(22,4,5,0.01,19.7,0.03,8),(22,4,6,0.01,19.7,0.05,0),(22,4,7,0.01,19.7,0.07,8),(22,4,8,0.01,19.7,0.04,0),(22,5,0,0.04,20.80151515,0.2,7),(22,5,1,0.06,20.80151515,0.27,7),(22,5,2,0.75,20.80151515,3.61,5),(22,5,3,1.42,20.80151515,6.81,9),(22,5,4,0.17,20.80151515,0.83,5),(22,5,5,0.26,20.80151515,1.24,1),(22,5,6,0.25,20.80151515,1.2,8),(22,5,7,0.04,20.80151515,0.2,5),(22,5,8,0.02,20.80151515,0.11,5),(23,0,0,23.57,40.4,58.33,4),(23,0,1,19.06,40.4,47.17,1),(23,0,2,0.97,40.4,2.4,2),(23,0,3,7.8,40.4,19.31,0),(23,0,4,15.9,40.4,39.35,1),(23,0,5,17.59,40.4,43.55,9),(23,0,6,11.89,40.4,29.44,7),(23,0,7,21.39,40.4,52.95,8),(23,0,8,5.03,40.4,12.46,2),(23,1,0,21.24,77,27.58,8),(23,1,1,24.59,77,31.93,6),(23,1,2,21.07,77,27.37,3),(23,1,3,32.96,77,42.81,1),(23,1,4,28.7,77,37.27,2),(23,1,5,22.57,77,29.31,2),(23,1,6,33.19,77,43.11,3),(23,1,7,20.8,77,27.01,9),(23,1,8,29.15,77,37.86,4),(23,2,0,0.66,32.1,2.07,10),(23,2,1,1.43,32.1,4.45,4),(23,2,2,0.16,32.1,0.49,1),(23,2,3,1.04,32.1,3.25,4),(23,2,4,0.28,32.1,0.87,2),(23,2,5,0.62,32.1,1.94,3),(23,2,6,1.42,32.1,4.42,4),(23,2,7,0.21,32.1,0.64,7),(23,2,8,0.04,32.1,0.14,3),(23,3,0,0.05,16.05220588,0.3,1),(23,3,1,0.05,16.05220588,0.3,0),(23,3,2,0.36,16.05220588,2.25,10),(23,3,3,0.03,16.05220588,0.19,5),(23,3,4,0.45,16.05220588,2.82,4),(23,3,5,0.02,16.05220588,0.1,6),(23,3,6,0.02,16.05220588,0.15,6),(23,3,7,0.01,16.05220588,0.09,0),(23,3,8,0,16.05220588,0.03,2),(23,4,0,0.01,22.6,0.06,8),(23,4,1,0.01,22.6,0.03,1),(23,4,2,0.04,22.6,0.18,3),(23,4,3,0.01,22.6,0.05,5),(23,4,4,0.05,22.6,0.22,8),(23,4,5,0,22.6,0.02,6),(23,4,6,0.01,22.6,0.03,2),(23,4,7,0.01,22.6,0.03,3),(23,4,8,0,22.6,0.01,7),(23,5,0,0.07,21.70815851,0.32,10),(23,5,1,0.08,21.70815851,0.37,4),(23,5,2,0.92,21.70815851,4.23,6),(23,5,3,1.51,21.70815851,6.94,6),(23,5,4,0.21,21.70815851,0.99,3),(23,5,5,0.3,21.70815851,1.37,10),(23,5,6,0.23,21.70815851,1.08,6),(23,5,7,0.05,21.70815851,0.23,1),(23,5,8,0.07,21.70815851,0.32,4),(24,0,0,26.06,45.5,57.28,8),(24,0,1,21.69,45.5,47.67,1),(24,0,2,1.29,45.5,2.83,3),(24,0,3,8.12,45.5,17.85,3),(24,0,4,18.37,45.5,40.37,6),(24,0,5,19.34,45.5,42.5,2),(24,0,6,12.93,45.5,28.42,0),(24,0,7,24.04,45.5,52.83,4),(24,0,8,4.81,45.5,10.57,9),(24,1,0,20.46,76.1,26.88,7),(24,1,1,23.49,76.1,30.87,6),(24,1,2,20.33,76.1,26.71,2),(24,1,3,31.77,76.1,41.75,6),(24,1,4,27.84,76.1,36.58,3),(24,1,5,23.5,76.1,30.88,8),(24,1,6,33.68,76.1,44.26,3),(24,1,7,20.13,76.1,26.45,0),(24,1,8,29.76,76.1,39.1,9),(24,2,0,0.87,33.7,2.59,0),(24,2,1,1.85,33.7,5.49,8),(24,2,2,0.16,33.7,0.46,3),(24,2,3,1.23,33.7,3.65,6),(24,2,4,0.37,33.7,1.1,7),(24,2,5,0.87,33.7,2.57,3),(24,2,6,1.77,33.7,5.24,6),(24,2,7,0.23,33.7,0.69,1),(24,2,8,0.05,33.7,0.14,3),(24,3,0,0.04,13.6,0.33,7),(24,3,1,0.04,13.6,0.28,1),(24,3,2,0.29,13.6,2.15,6),(24,3,3,0.02,13.6,0.18,6),(24,3,4,0.31,13.6,2.3,1),(24,3,5,0.01,13.6,0.09,0),(24,3,6,0.01,13.6,0.1,1),(24,3,7,0.01,13.6,0.09,5),(24,3,8,0,13.6,0.02,1),(24,4,0,0.02,25.8,0.06,5),(24,4,1,0.01,25.8,0.02,2),(24,4,2,0.04,25.8,0.14,4),(24,4,3,0.02,25.8,0.06,1),(24,4,4,0.05,25.8,0.18,8),(24,4,5,0.01,25.8,0.02,10),(24,4,6,0.01,25.8,0.02,4),(24,4,7,0.01,25.8,0.02,2),(24,4,8,0,25.8,0,3),(24,5,0,0.13,22.61480186,0.58,3),(24,5,1,0.09,22.61480186,0.42,4),(24,5,2,1.05,22.61480186,4.66,6),(24,5,3,1.66,22.61480186,7.35,9),(24,5,4,0.2,22.61480186,0.89,3),(24,5,5,0.35,22.61480186,1.54,7),(24,5,6,0.24,22.61480186,1.07,2),(24,5,7,0.07,22.61480186,0.31,5),(24,5,8,0.21,22.61480186,0.92,8),(25,0,0,43.93,78.3,56.11,5),(25,0,1,36.54,78.3,46.67,9),(25,0,2,1.8,78.3,2.3,7),(25,0,3,14.7,78.3,18.77,2),(25,0,4,28.41,78.3,36.28,6),(25,0,5,37.15,78.3,47.44,10),(25,0,6,23.44,78.3,29.94,6),(25,0,7,42.35,78.3,54.09,5),(25,0,8,8.39,78.3,10.71,6),(25,1,0,20.4,77.5,26.32,4),(25,1,1,25.63,77.5,33.07,1),(25,1,2,21.1,77.5,27.23,5),(25,1,3,31.82,77.5,41.06,5),(25,1,4,26.34,77.5,33.99,6),(25,1,5,22.99,77.5,29.66,2),(25,1,6,34.71,77.5,44.79,7),(25,1,7,20.94,77.5,27.02,6),(25,1,8,32.33,77.5,41.71,7),(25,2,0,1.38,45.4,3.04,5),(25,2,1,2.73,45.4,6.01,10),(25,2,2,0.25,45.4,0.55,8),(25,2,3,1.77,45.4,3.89,5),(25,2,4,0.59,45.4,1.31,10),(25,2,5,0.97,45.4,2.14,8),(25,2,6,2.47,45.4,5.43,8),(25,2,7,0.28,45.4,0.62,4),(25,2,8,0.06,45.4,0.14,1),(25,3,0,0.06,14.3,0.42,4),(25,3,1,0.05,14.3,0.37,3),(25,3,2,0.71,14.3,4.96,8),(25,3,3,0.05,14.3,0.32,6),(25,3,4,0.42,14.3,2.95,0),(25,3,5,0.02,14.3,0.14,9),(25,3,6,0.02,14.3,0.16,7),(25,3,7,0.01,14.3,0.07,5),(25,3,8,0.01,14.3,0.04,2),(25,4,0,0.17,31.6,0.54,1),(25,4,1,0.03,31.6,0.09,9),(25,4,2,0.74,31.6,2.35,1),(25,4,3,0.09,31.6,0.28,0),(25,4,4,0.49,31.6,1.55,6),(25,4,5,0.01,31.6,0.03,5),(25,4,6,0.01,31.6,0.03,6),(25,4,7,0.01,31.6,0.02,4),(25,4,8,0,31.6,0.01,8),(25,5,0,0.09,23.52144522,0.38,6),(25,5,1,0.09,23.52144522,0.37,8),(25,5,2,1.54,23.52144522,6.54,1),(25,5,3,1.68,23.52144522,7.16,10),(25,5,4,0.23,23.52144522,0.99,5),(25,5,5,0.27,23.52144522,1.13,6),(25,5,6,0.21,23.52144522,0.88,4),(25,5,7,0.06,23.52144522,0.27,3),(25,5,8,0.37,23.52144522,1.56,9),(26,0,0,29.07,50.8,57.23,9),(26,0,1,23.04,50.8,45.36,10),(26,0,2,1.23,50.8,2.43,4),(26,0,3,9.55,50.8,18.79,0),(26,0,4,16.86,50.8,33.19,4),(26,0,5,24.82,50.8,48.86,7),(26,0,6,15.34,50.8,30.2,9),(26,0,7,27.34,50.8,53.82,8),(26,0,8,5.41,50.8,10.64,10),(26,1,0,20.74,80.1,25.89,0),(26,1,1,28.28,80.1,35.3,9),(26,1,2,21.22,80.1,26.49,5),(26,1,3,31.17,80.1,38.92,3),(26,1,4,25.3,80.1,31.59,6),(26,1,5,24.04,80.1,30.01,3),(26,1,6,35.95,80.1,44.88,9),(26,1,7,21.86,80.1,27.29,8),(26,1,8,33.98,80.1,42.42,2),(26,2,0,1.21,34.5,3.5,2),(26,2,1,2.38,34.5,6.9,7),(26,2,2,0.26,34.5,0.75,8),(26,2,3,1.37,34.5,3.96,4),(26,2,4,0.55,34.5,1.6,4),(26,2,5,0.84,34.5,2.43,2),(26,2,6,2.12,34.5,6.14,6),(26,2,7,0.21,34.5,0.61,4),(26,2,8,0.07,34.5,0.21,1),(26,3,0,0.09,14.8,0.58,3),(26,3,1,0.07,14.8,0.44,8),(26,3,2,0.94,14.8,6.33,2),(26,3,3,0.07,14.8,0.48,1),(26,3,4,0.54,14.8,3.62,8),(26,3,5,0.03,14.8,0.18,0),(26,3,6,0.04,14.8,0.24,0),(26,3,7,0.01,14.8,0.08,10),(26,3,8,0.01,14.8,0.08,9),(26,4,0,0.29,25.8,1.13,5),(26,4,1,0.04,25.8,0.15,3),(26,4,2,1.02,25.8,3.94,9),(26,4,3,0.13,25.8,0.5,9),(26,4,4,0.74,25.8,2.85,8),(26,4,5,0.01,25.8,0.04,4),(26,4,6,0.01,25.8,0.05,4),(26,4,7,0.01,25.8,0.04,7),(26,4,8,0,25.8,0.01,0),(26,5,0,0.1,23.2,0.41,10),(26,5,1,0.11,23.2,0.46,1),(26,5,2,1.62,23.2,7,10),(26,5,3,1.74,23.2,7.52,6),(26,5,4,0.21,23.2,0.91,10),(26,5,5,0.29,23.2,1.25,3),(26,5,6,0.22,23.2,0.95,10),(26,5,7,0.06,23.2,0.24,2),(26,5,8,0.48,23.2,2.08,9),(27,0,0,23.04,41,56.2,6),(27,0,1,18.69,41,45.58,2),(27,0,2,1.09,41,2.66,0),(27,0,3,7.56,41,18.45,2),(27,0,4,13.49,41,32.9,8),(27,0,5,20.15,41,49.14,5),(27,0,6,12.06,41,29.42,8),(27,0,7,21.92,41,53.47,1),(27,0,8,4.48,41,10.92,8),(27,1,0,19.55,79.8,24.5,1),(27,1,1,27.39,79.8,34.32,8),(27,1,2,20.25,79.8,25.37,3),(27,1,3,29.92,79.8,37.49,2),(27,1,4,25.86,79.8,32.41,0),(27,1,5,24.17,79.8,30.29,1),(27,1,6,35.97,79.8,45.07,10),(27,1,7,21.44,79.8,26.87,4),(27,1,8,33.6,79.8,42.11,3),(27,2,0,1.47,38.5,3.83,5),(27,2,1,2.87,38.5,7.46,0),(27,2,2,0.32,38.5,0.84,8),(27,2,3,1.62,38.5,4.2,1),(27,2,4,0.81,38.5,2.1,10),(27,2,5,1.05,38.5,2.74,2),(27,2,6,2.64,38.5,6.87,4),(27,2,7,0.27,38.5,0.69,5),(27,2,8,0.09,38.5,0.23,5),(27,3,0,0.15,21.4,0.71,9),(27,3,1,0.11,21.4,0.51,3),(27,3,2,1.73,21.4,8.07,2),(27,3,3,0.15,21.4,0.71,9),(27,3,4,0.95,21.4,4.45,4),(27,3,5,0.05,21.4,0.23,8),(27,3,6,0.07,21.4,0.32,0),(27,3,7,0.03,21.4,0.13,2),(27,3,8,0.03,21.4,0.14,8),(27,4,0,0.43,28,1.54,0),(27,4,1,0.07,28,0.26,3),(27,4,2,1.38,28,4.93,8),(27,4,3,0.22,28,0.77,9),(27,4,4,1.08,28,3.85,2),(27,4,5,0.02,28,0.06,0),(27,4,6,0.02,28,0.06,4),(27,4,7,0.02,28,0.06,5),(27,4,8,0,28,0.01,4),(27,5,0,0.11,24.35226107,0.46,5),(27,5,1,0.12,24.35226107,0.49,0),(27,5,2,1.69,24.35226107,6.95,3),(27,5,3,1.89,24.35226107,7.78,5),(27,5,4,0.24,24.35226107,1,1),(27,5,5,0.31,24.35226107,1.26,0),(27,5,6,0.24,24.35226107,0.99,7),(27,5,7,0.07,24.35226107,0.28,2),(27,5,8,0.57,24.35226107,2.33,4),(28,0,0,25.81,46.7,55.27,4),(28,0,1,20.38,46.7,43.63,7),(28,0,2,1.34,46.7,2.86,6),(28,0,3,8.28,46.7,17.72,8),(28,0,4,14.53,46.7,31.12,7),(28,0,5,22.02,46.7,47.15,0),(28,0,6,13.51,46.7,28.92,3),(28,0,7,24.92,46.7,53.37,3),(28,0,8,4.46,46.7,9.56,2),(28,1,0,21.29,83.3,25.56,3),(28,1,1,29.49,83.3,35.4,0),(28,1,2,20.63,83.3,24.77,5),(28,1,3,30.8,83.3,36.98,0),(28,1,4,28.11,83.3,33.75,8),(28,1,5,26.61,83.3,31.94,1),(28,1,6,37.6,83.3,45.14,3),(28,1,7,22.49,83.3,27,8),(28,1,8,35.99,83.3,43.21,0),(28,2,0,1.64,39.1,4.19,9),(28,2,1,3.14,39.1,8.03,5),(28,2,2,0.38,39.1,0.97,1),(28,2,3,1.74,39.1,4.45,1),(28,2,4,1,39.1,2.55,8),(28,2,5,1.21,39.1,3.09,0),(28,2,6,2.98,39.1,7.63,8),(28,2,7,0.28,39.1,0.72,4),(28,2,8,0.08,39.1,0.21,5),(28,3,0,0.23,28.3,0.83,5),(28,3,1,0.18,28.3,0.64,2),(28,3,2,2.78,28.3,9.83,4),(28,3,3,0.3,28.3,1.07,1),(28,3,4,1.52,28.3,5.38,2),(28,3,5,0.09,28.3,0.31,5),(28,3,6,0.11,28.3,0.39,2),(28,3,7,0.05,28.3,0.16,1),(28,3,8,0.05,28.3,0.17,6),(28,4,0,0.61,30.6,1.98,0),(28,4,1,0.12,30.6,0.39,1),(28,4,2,1.78,30.6,5.81,7),(28,4,3,0.34,30.6,1.11,2),(28,4,4,1.33,30.6,4.34,3),(28,4,5,0.02,30.6,0.08,4),(28,4,6,0.02,30.6,0.06,6),(28,4,7,0.03,30.6,0.09,5),(28,4,8,0,30.6,0.01,3),(28,5,0,0.12,25.01328671,0.49,6),(28,5,1,0.14,25.01328671,0.57,4),(28,5,2,1.68,25.01328671,6.73,2),(28,5,3,1.98,25.01328671,7.91,7),(28,5,4,0.28,25.01328671,1.13,1),(28,5,5,0.34,25.01328671,1.36,3),(28,5,6,0.27,25.01328671,1.06,0),(28,5,7,0.08,25.01328671,0.3,3),(28,5,8,0.58,25.01328671,2.3,3),(29,0,0,43.4,77.3,56.15,4),(29,0,1,35.48,77.3,45.9,8),(29,0,2,2.57,77.3,3.32,2),(29,0,3,14.38,77.3,18.6,7),(29,0,4,12.62,77.3,16.33,5),(29,0,5,39.28,77.3,50.81,9),(29,0,6,24.84,77.3,32.13,4),(29,0,7,42.45,77.3,54.92,7),(29,0,8,7.57,77.3,9.79,0),(29,1,0,18.04,74.5,24.22,8),(29,1,1,24.74,74.5,33.21,2),(29,1,2,18.51,74.5,24.85,2),(29,1,3,26.66,74.5,35.78,4),(29,1,4,22.19,74.5,29.79,2),(29,1,5,21.96,74.5,29.48,4),(29,1,6,31.69,74.5,42.54,1),(29,1,7,18.82,74.5,25.26,3),(29,1,8,31.78,74.5,42.66,6),(29,2,0,1.88,42.1,4.47,3),(29,2,1,3.49,42.1,8.28,0),(29,2,2,0.45,42.1,1.06,9),(29,2,3,2.19,42.1,5.2,5),(29,2,4,0.73,42.1,1.74,9),(29,2,5,1.37,42.1,3.26,10),(29,2,6,3.49,42.1,8.29,6),(29,2,7,0.32,42.1,0.77,5),(29,2,8,0.09,42.1,0.21,8),(29,3,0,0.25,28.2,0.89,3),(29,3,1,0.23,28.2,0.81,1),(29,3,2,3.14,28.2,11.15,8),(29,3,3,0.45,28.2,1.6,2),(29,3,4,2.76,28.2,9.77,1),(29,3,5,0.1,28.2,0.37,9),(29,3,6,0.14,28.2,0.48,8),(29,3,7,0.08,28.2,0.28,8),(29,3,8,0.07,28.2,0.26,0),(29,4,0,0.6,27.3,2.18,7),(29,4,1,0.17,27.3,0.62,7),(29,4,2,1.6,27.3,5.86,10),(29,4,3,0.4,27.3,1.47,4),(29,4,4,1.89,27.3,6.93,5),(29,4,5,0.02,27.3,0.08,7),(29,4,6,0.02,27.3,0.06,3),(29,4,7,0.04,27.3,0.13,3),(29,4,8,0,27.3,0.01,2),(29,5,0,0.13,25.67431235,0.49,1),(29,5,1,0.13,25.67431235,0.52,7),(29,5,2,1.63,25.67431235,6.34,8),(29,5,3,1.81,25.67431235,7.04,6),(29,5,4,0.56,25.67431235,2.17,1),(29,5,5,0.33,25.67431235,1.3,10),(29,5,6,0.25,25.67431235,0.97,0),(29,5,7,0.09,25.67431235,0.35,8),(29,5,8,0.55,25.67431235,2.13,5),(30,0,0,29,52.2,55.56,10),(30,0,1,24.35,52.2,46.65,7),(30,0,2,1.66,52.2,3.18,3),(30,0,3,9.01,52.2,17.26,10),(30,0,4,5.22,52.2,10,5),(30,0,5,26.9,52.2,51.54,8),(30,0,6,17.19,52.2,32.94,8),(30,0,7,28.48,52.2,54.55,0),(30,0,8,5.57,52.2,10.68,0),(30,1,0,17.74,78.2,22.69,9),(30,1,1,24.11,78.2,30.83,9),(30,1,2,19.3,78.2,24.68,9),(30,1,3,25.95,78.2,33.19,8),(30,1,4,21.6,78.2,27.62,0),(30,1,5,22.58,78.2,28.88,6),(30,1,6,32.15,78.2,41.11,7),(30,1,7,19.71,78.2,25.2,5),(30,1,8,33.11,78.2,42.34,4),(30,2,0,2.13,39.3,5.43,0),(30,2,1,3.71,39.3,9.45,8),(30,2,2,0.44,39.3,1.12,10),(30,2,3,2.17,39.3,5.53,4),(30,2,4,0.54,39.3,1.37,8),(30,2,5,1.46,39.3,3.72,0),(30,2,6,3.8,39.3,9.68,4),(30,2,7,0.35,39.3,0.89,2),(30,2,8,0.09,39.3,0.23,6),(30,3,0,0.3,27.8,1.08,3),(30,3,1,0.36,27.8,1.28,6),(30,3,2,3.35,27.8,12.06,0),(30,3,3,0.55,27.8,1.97,9),(30,3,4,3.33,27.8,11.97,5),(30,3,5,0.13,27.8,0.45,8),(30,3,6,0.17,27.8,0.61,4),(30,3,7,0.08,27.8,0.3,2),(30,3,8,0.11,27.8,0.38,6),(30,4,0,0.61,24.6,2.48,6),(30,4,1,0.29,24.6,1.19,6),(30,4,2,1.41,24.6,5.72,2),(30,4,3,0.36,24.6,1.47,3),(30,4,4,1.8,24.6,7.32,8),(30,4,5,0.02,24.6,0.09,8),(30,4,6,0.01,24.6,0.06,7),(30,4,7,0.03,24.6,0.13,1),(30,4,8,0,24.6,0.01,7),(30,5,0,0.15,26.335338,0.56,4),(30,5,1,0.16,26.335338,0.59,3),(30,5,2,1.59,26.335338,6.05,0),(30,5,3,1.74,26.335338,6.62,7),(30,5,4,0.81,26.335338,3.07,7),(30,5,5,0.34,26.335338,1.3,10),(30,5,6,0.24,26.335338,0.91,5),(30,5,7,0.13,26.335338,0.5,3),(30,5,8,0.53,26.335338,2.02,9),(31,0,0,21.91,41.3,53.05,4),(31,0,1,19.4,41.3,46.98,0),(31,0,2,1.15,41.3,2.78,7),(31,0,3,7.29,41.3,17.64,0),(31,0,4,3.39,41.3,8.22,10),(31,0,5,20.01,41.3,48.46,0),(31,0,6,12.01,41.3,29.08,6),(31,0,7,22.25,41.3,53.87,9),(31,0,8,4.81,41.3,11.65,7),(31,1,0,16.33,71.5,22.84,6),(31,1,1,21.54,71.5,30.13,10),(31,1,2,17.3,71.5,24.2,6),(31,1,3,23.29,71.5,32.58,1),(31,1,4,18.23,71.5,25.5,4),(31,1,5,21.2,71.5,29.65,10),(31,1,6,30.02,71.5,41.98,10),(31,1,7,18.17,71.5,25.41,3),(31,1,8,30.13,71.5,42.14,4),(31,2,0,3.11,54.2,5.74,5),(31,2,1,4.96,54.2,9.15,8),(31,2,2,0.92,54.2,1.7,10),(31,2,3,3.27,54.2,6.04,3),(31,2,4,0.87,54.2,1.6,7),(31,2,5,2.63,54.2,4.86,0),(31,2,6,5.98,54.2,11.03,0),(31,2,7,0.56,54.2,1.03,1),(31,2,8,0.12,54.2,0.22,4),(31,3,0,0.42,32.4,1.31,8),(31,3,1,0.47,32.4,1.46,1),(31,3,2,5.28,32.4,16.29,7),(31,3,3,0.89,32.4,2.76,4),(31,3,4,5.44,32.4,16.78,2),(31,3,5,0.2,32.4,0.61,5),(31,3,6,0.24,32.4,0.75,5),(31,3,7,0.13,32.4,0.41,5),(31,3,8,0.18,32.4,0.56,4),(31,4,0,0.85,29.4,2.89,9),(31,4,1,0.47,29.4,1.6,10),(31,4,2,1.93,29.4,6.55,4),(31,4,3,0.61,29.4,2.08,1),(31,4,4,2.33,29.4,7.91,8),(31,4,5,0.04,29.4,0.13,5),(31,4,6,0.02,29.4,0.07,5),(31,4,7,0.05,29.4,0.16,1),(31,4,8,0,29.4,0.01,8),(31,5,0,0.14,26.99636364,0.53,0),(31,5,1,0.16,26.99636364,0.59,5),(31,5,2,1.44,26.99636364,5.32,0),(31,5,3,1.5,26.99636364,5.57,5),(31,5,4,0.76,26.99636364,2.8,8),(31,5,5,0.39,26.99636364,1.43,2),(31,5,6,0.27,26.99636364,1.01,2),(31,5,7,0.07,26.99636364,0.27,5),(31,5,8,0.51,26.99636364,1.9,10),(32,0,0,26.5,46.9,56.5,3),(32,0,1,22.42,46.9,47.8,0),(32,0,2,1.39,46.9,2.97,8),(32,0,3,8.7,46.9,18.56,3),(32,0,4,7.06,46.9,15.05,2),(32,0,5,22.53,46.9,48.03,8),(32,0,6,12.72,46.9,27.13,7),(32,0,7,24.85,46.9,52.99,9),(32,0,8,5.46,46.9,11.64,1),(32,1,0,16.19,72.2,22.42,1),(32,1,1,20.97,72.2,29.05,9),(32,1,2,17.25,72.2,23.89,2),(32,1,3,26.64,72.2,36.9,2),(32,1,4,18.21,72.2,25.22,4),(32,1,5,21.4,72.2,29.64,8),(32,1,6,30.3,72.2,41.97,7),(32,1,7,18.41,72.2,25.5,10),(32,1,8,30.63,72.2,42.42,2),(32,2,0,3,52,5.77,0),(32,2,1,5.03,52,9.68,5),(32,2,2,1.15,52,2.22,1),(32,2,3,4.16,52,8,0),(32,2,4,1.37,52,2.63,3),(32,2,5,2.95,52,5.67,7),(32,2,6,6.47,52,12.45,9),(32,2,7,0.5,52,0.97,3),(32,2,8,0.16,52,0.3,7),(32,3,0,0.45,34.3,1.32,3),(32,3,1,0.49,34.3,1.43,2),(32,3,2,6.85,34.3,19.96,8),(32,3,3,1.5,34.3,4.38,5),(32,3,4,5.66,34.3,16.49,8),(32,3,5,0.24,34.3,0.69,5),(32,3,6,0.34,34.3,0.98,6),(32,3,7,0.14,34.3,0.4,2),(32,3,8,0.29,34.3,0.85,3),(32,4,0,0.98,29.9,3.27,6),(32,4,1,0.52,29.9,1.74,2),(32,4,2,2.21,29.9,7.39,10),(32,4,3,0.86,29.9,2.86,6),(32,4,4,2.29,29.9,7.66,2),(32,4,5,0.04,29.9,0.12,9),(32,4,6,0.03,29.9,0.09,6),(32,4,7,0.04,29.9,0.15,4),(32,4,8,0.01,29.9,0.02,8),(32,5,0,0.12,27.37095571,0.45,9),(32,5,1,0.14,27.37095571,0.52,3),(32,5,2,1.28,27.37095571,4.69,3),(32,5,3,1.26,27.37095571,4.62,10),(32,5,4,0.58,27.37095571,2.12,10),(32,5,5,0.39,27.37095571,1.41,3),(32,5,6,0.27,27.37095571,0.99,9),(32,5,7,0.06,27.37095571,0.22,7),(32,5,8,0.5,27.37095571,1.82,9),(33,0,0,42.74,68.4,62.48,2),(33,0,1,36.82,68.4,53.83,7),(33,0,2,1.94,68.4,2.83,8),(33,0,3,14.99,68.4,21.91,10),(33,0,4,30.14,68.4,44.06,9),(33,0,5,37.71,68.4,55.13,8),(33,0,6,22.28,68.4,32.58,0),(33,0,7,39.82,68.4,58.21,3),(33,0,8,9.92,68.4,14.5,6),(33,1,0,14.07,70.4,19.98,9),(33,1,1,17.5,70.4,24.86,2),(33,1,2,16.95,70.4,24.08,9),(33,1,3,26.36,70.4,37.44,8),(33,1,4,18.42,70.4,26.17,6),(33,1,5,18.08,70.4,25.68,2),(33,1,6,28.27,70.4,40.16,8),(33,1,7,15.95,70.4,22.65,8),(33,1,8,27.35,70.4,38.85,4),(33,2,0,3.04,60.5,5.03,2),(33,2,1,5.93,60.5,9.8,7),(33,2,2,1.44,60.5,2.38,10),(33,2,3,5.4,60.5,8.93,2),(33,2,4,3.92,60.5,6.48,10),(33,2,5,3.15,60.5,5.2,2),(33,2,6,7.11,60.5,11.75,4),(33,2,7,0.47,60.5,0.78,3),(33,2,8,0.18,60.5,0.3,9),(33,3,0,0.39,28.6,1.37,6),(33,3,1,0.45,28.6,1.56,1),(33,3,2,6,28.6,20.97,7),(33,3,3,1.69,28.6,5.91,5),(33,3,4,2.11,28.6,7.37,7),(33,3,5,0.22,28.6,0.77,6),(33,3,6,0.36,28.6,1.25,10),(33,3,7,0.2,28.6,0.69,8),(33,3,8,0.37,28.6,1.3,3),(33,4,0,0.82,29.2,2.8,7),(33,4,1,0.39,29.2,1.34,7),(33,4,2,2.37,29.2,8.13,7),(33,4,3,1.02,29.2,3.48,6),(33,4,4,1.6,29.2,5.47,1),(33,4,5,0.04,29.2,0.14,4),(33,4,6,0.04,29.2,0.14,4),(33,4,7,0.06,29.2,0.21,7),(33,4,8,0.01,29.2,0.05,8),(33,5,0,0.12,28.06302183,0.43,10),(33,5,1,0.15,28.06302183,0.52,0),(33,5,2,1.18,28.06302183,4.19,4),(33,5,3,1.14,28.06302183,4.05,5),(33,5,4,0.14,28.06302183,0.5,8),(33,5,5,0.36,28.06302183,1.27,4),(33,5,6,0.27,28.06302183,0.97,7),(33,5,7,0.06,28.06302183,0.2,3),(33,5,8,0.53,28.06302183,1.88,8),(34,0,0,21.17,36.4,58.16,10),(34,0,1,17.77,36.4,48.83,0),(34,0,2,1.01,36.4,2.78,1),(34,0,3,7.59,36.4,20.85,6),(34,0,4,14.91,36.4,40.97,9),(34,0,5,18.46,36.4,50.72,10),(34,0,6,10.71,36.4,29.43,4),(34,0,7,20.52,36.4,56.38,2),(34,0,8,5.16,36.4,14.17,9),(34,1,0,17.28,71.9,24.03,4),(34,1,1,20.82,71.9,28.96,6),(34,1,2,17.39,71.9,24.18,8),(34,1,3,28.23,71.9,39.26,8),(34,1,4,20.61,71.9,28.67,6),(34,1,5,21.42,71.9,29.79,8),(34,1,6,31,71.9,43.12,1),(34,1,7,18.25,71.9,25.38,7),(34,1,8,30.2,71.9,42,8),(34,2,0,3.16,59.1,5.35,0),(34,2,1,6.54,59.1,11.07,10),(34,2,2,1.46,59.1,2.47,3),(34,2,3,6.15,59.1,10.41,5),(34,2,4,5.05,59.1,8.55,9),(34,2,5,3.94,59.1,6.67,2),(34,2,6,8.08,59.1,13.67,1),(34,2,7,0.47,59.1,0.79,4),(34,2,8,0.18,59.1,0.3,9),(34,3,0,0.36,25,1.43,0),(34,3,1,0.45,25,1.79,10),(34,3,2,5.41,25,21.65,8),(34,3,3,1.62,25,6.47,3),(34,3,4,1.84,25,7.35,3),(34,3,5,0.21,25,0.86,1),(34,3,6,0.36,25,1.45,10),(34,3,7,0.21,25,0.83,4),(34,3,8,0.47,25,1.9,6),(34,4,0,0.74,23.1,3.21,7),(34,4,1,0.35,23.1,1.53,7),(34,4,2,2.15,23.1,9.31,9),(34,4,3,0.84,23.1,3.62,1),(34,4,4,1.23,23.1,5.33,6),(34,4,5,0.03,23.1,0.11,8),(34,4,6,0.03,23.1,0.12,2),(34,4,7,0.07,23.1,0.29,6),(34,4,8,0,23.1,0.02,10),(34,5,0,0.12,28.75508794,0.4,2),(34,5,1,0.14,28.75508794,0.47,7),(34,5,2,1.04,28.75508794,3.61,1),(34,5,3,1.02,28.75508794,3.56,1),(34,5,4,0.12,28.75508794,0.43,9),(34,5,5,0.27,28.75508794,0.94,3),(34,5,6,0.24,28.75508794,0.83,8),(34,5,7,0.06,28.75508794,0.21,6),(34,5,8,0.45,28.75508794,1.56,2),(35,0,0,19.26,33.8,56.98,9),(35,0,1,15.26,33.8,45.16,0),(35,0,2,0.93,33.8,2.76,7),(35,0,3,7.02,33.8,20.76,9),(35,0,4,13.13,33.8,38.85,10),(35,0,5,16.52,33.8,48.88,8),(35,0,6,9.47,33.8,28.03,8),(35,0,7,18.16,33.8,53.74,6),(35,0,8,4.53,33.8,13.4,6),(35,1,0,17.46,75.5,23.12,3),(35,1,1,21.36,75.5,28.29,0),(35,1,2,17.31,75.5,22.93,3),(35,1,3,30.8,75.5,40.79,4),(35,1,4,21.17,75.5,28.04,7),(35,1,5,22.2,75.5,29.4,0),(35,1,6,31.98,75.5,42.36,1),(35,1,7,19.43,75.5,25.73,3),(35,1,8,32.57,75.5,43.14,0),(35,2,0,3.94,58.7,6.72,3),(35,2,1,8.23,58.7,14.02,7),(35,2,2,1.61,58.7,2.74,3),(35,2,3,7.27,58.7,12.38,1),(35,2,4,6.39,58.7,10.88,4),(35,2,5,4.64,58.7,7.9,4),(35,2,6,8.59,58.7,14.63,7),(35,2,7,0.56,58.7,0.95,6),(35,2,8,0.19,58.7,0.32,7),(35,3,0,0.48,32.3,1.48,0),(35,3,1,0.66,32.3,2.03,8),(35,3,2,7.14,32.3,22.12,1),(35,3,3,1.66,32.3,5.14,1),(35,3,4,2.22,32.3,6.88,8),(35,3,5,0.32,32.3,0.98,2),(35,3,6,0.57,32.3,1.75,10),(35,3,7,0.23,32.3,0.7,4),(35,3,8,0.83,32.3,2.58,5),(35,4,0,1.04,29.5,3.53,4),(35,4,1,0.59,29.5,1.99,8),(35,4,2,2.84,29.5,9.63,8),(35,4,3,0.89,29.5,3,1),(35,4,4,1.81,29.5,6.12,1),(35,4,5,0.04,29.5,0.14,7),(35,4,6,0.05,29.5,0.16,10),(35,4,7,0.09,29.5,0.3,10),(35,4,8,0.01,29.5,0.03,7),(35,5,0,0.11,29.44715406,0.39,4),(35,5,1,0.14,29.44715406,0.49,1),(35,5,2,0.95,29.44715406,3.22,8),(35,5,3,0.86,29.44715406,2.91,1),(35,5,4,0.1,29.44715406,0.34,7),(35,5,5,0.26,29.44715406,0.87,6),(35,5,6,0.22,29.44715406,0.76,8),(35,5,7,0.05,29.44715406,0.18,8),(35,5,8,0.37,29.44715406,1.27,10),(36,0,0,25.92,46.6,55.62,10),(36,0,1,20.81,46.6,44.65,1),(36,0,2,1.23,46.6,2.64,3),(36,0,3,10.08,46.6,21.64,0),(36,0,4,17.37,46.6,37.28,1),(36,0,5,22.18,46.6,47.6,2),(36,0,6,12.41,46.6,26.63,4),(36,0,7,25.92,46.6,55.62,9),(36,0,8,6.45,46.6,13.84,4),(36,1,0,17.97,78.2,22.98,10),(36,1,1,21.28,78.2,27.21,8),(36,1,2,18.08,78.2,23.12,7),(36,1,3,30.72,78.2,39.28,10),(36,1,4,22.27,78.2,28.48,7),(36,1,5,23.59,78.2,30.16,1),(36,1,6,34.42,78.2,44.01,6),(36,1,7,19.3,78.2,24.68,9),(36,1,8,34.26,78.2,43.81,4),(36,2,0,5.4,66.6,8.11,0),(36,2,1,10.78,66.6,16.18,8),(36,2,2,1.83,66.6,2.75,6),(36,2,3,8.41,66.6,12.63,10),(36,2,4,8.07,66.6,12.11,5),(36,2,5,5.76,66.6,8.65,10),(36,2,6,10,66.6,15.02,2),(36,2,7,0.72,66.6,1.08,8),(36,2,8,0.22,66.6,0.33,5),(36,3,0,0.54,32.7,1.65,6),(36,3,1,0.68,32.7,2.09,5),(36,3,2,7.54,32.7,23.05,1),(36,3,3,1.98,32.7,6.07,1),(36,3,4,2.29,32.7,6.99,8),(36,3,5,0.38,32.7,1.15,0),(36,3,6,0.66,32.7,2.03,4),(36,3,7,0.25,32.7,0.75,6),(36,3,8,1.17,32.7,3.58,0),(36,4,0,1.14,31.2,3.65,2),(36,4,1,0.66,31.2,2.11,5),(36,4,2,3.04,31.2,9.73,7),(36,4,3,1.04,31.2,3.32,10),(36,4,4,1.9,31.2,6.08,8),(36,4,5,0.05,31.2,0.17,2),(36,4,6,0.06,31.2,0.18,5),(36,4,7,0.08,31.2,0.27,10),(36,4,8,0.01,31.2,0.03,10),(36,5,0,0.13,30.13922017,0.43,10),(36,5,1,0.15,30.13922017,0.49,7),(36,5,2,0.82,30.13922017,2.72,0),(36,5,3,0.79,30.13922017,2.62,6),(36,5,4,0.09,30.13922017,0.31,10),(36,5,5,0.26,30.13922017,0.86,3),(36,5,6,0.21,30.13922017,0.71,9),(36,5,7,0.05,30.13922017,0.17,3),(36,5,8,0.31,30.13922017,1.04,1),(37,0,0,38.61,73.8,52.32,10),(37,0,1,34.65,73.8,46.95,2),(37,0,2,1.82,73.8,2.46,9),(37,0,3,15.74,73.8,21.33,4),(37,0,4,24.97,73.8,33.83,5),(37,0,5,36.61,73.8,49.61,9),(37,0,6,21.01,73.8,28.47,0),(37,0,7,40.74,73.8,55.2,9),(37,0,8,8.8,73.8,11.92,5),(37,1,0,17.54,69.4,25.27,3),(37,1,1,18.66,69.4,26.89,8),(37,1,2,15.34,69.4,22.1,3),(37,1,3,26.65,69.4,38.4,4),(37,1,4,20.67,69.4,29.78,6),(37,1,5,19.89,69.4,28.66,7),(37,1,6,28.9,69.4,41.64,1),(37,1,7,18.53,69.4,26.7,5),(37,1,8,31.67,69.4,45.64,4),(37,2,0,5.22,56.2,9.29,10),(37,2,1,8.78,56.2,15.62,4),(37,2,2,1.53,56.2,2.72,6),(37,2,3,8.07,56.2,14.36,7),(37,2,4,8.01,56.2,14.26,5),(37,2,5,5.36,56.2,9.53,9),(37,2,6,9.18,56.2,16.34,0),(37,2,7,0.6,56.2,1.06,4),(37,2,8,0.21,56.2,0.37,0),(37,3,0,0.51,32.8,1.54,4),(37,3,1,0.58,32.8,1.76,5),(37,3,2,7.95,32.8,24.24,3),(37,3,3,2.34,32.8,7.12,9),(37,3,4,2.27,32.8,6.92,1),(37,3,5,0.39,32.8,1.18,9),(37,3,6,0.77,32.8,2.34,0),(37,3,7,0.19,32.8,0.57,3),(37,3,8,1.76,32.8,5.37,2),(37,4,0,1.14,30.6,3.72,10),(37,4,1,0.6,30.6,1.97,6),(37,4,2,3.19,30.6,10.43,8),(37,4,3,1.17,30.6,3.81,7),(37,4,4,1.94,30.6,6.33,7),(37,4,5,0.06,30.6,0.21,2),(37,4,6,0.07,30.6,0.23,7),(37,4,7,0.06,30.6,0.19,5),(37,4,8,0.01,30.6,0.03,2),(37,5,0,0.12,30.83128629,0.38,9),(37,5,1,0.13,30.83128629,0.42,1),(37,5,2,0.69,30.83128629,2.23,6),(37,5,3,0.65,30.83128629,2.12,7),(37,5,4,0.07,30.83128629,0.24,6),(37,5,5,0.21,30.83128629,0.69,9),(37,5,6,0.18,30.83128629,0.6,3),(37,5,7,0.04,30.83128629,0.12,9),(37,5,8,0.25,30.83128629,0.8,3),(38,0,0,19.81,36.7,53.99,10),(38,0,1,15.3,36.7,41.68,8),(38,0,2,1.12,36.7,3.04,1),(38,0,3,9.17,36.7,24.99,7),(38,0,4,12.39,36.7,33.76,6),(38,0,5,18.62,36.7,50.73,6),(38,0,6,10.65,36.7,29.01,5),(38,0,7,21.54,36.7,58.7,5),(38,0,8,4.7,36.7,12.81,6),(38,1,0,14.11,58.3,24.21,0),(38,1,1,15.61,58.3,26.78,1),(38,1,2,12.28,58.3,21.06,6),(38,1,3,21.68,58.3,37.19,0),(38,1,4,17.34,58.3,29.75,7),(38,1,5,16.11,58.3,27.64,6),(38,1,6,23.76,58.3,40.75,3),(38,1,7,14.58,58.3,25.01,2),(38,1,8,26.61,58.3,45.65,3),(38,2,0,4.69,49,9.58,3),(38,2,1,9.8,49,20.01,5),(38,2,2,1.3,49,2.66,0),(38,2,3,6.85,49,13.98,7),(38,2,4,7.38,49,15.06,1),(38,2,5,4.76,49,9.71,6),(38,2,6,8.22,49,16.78,5),(38,2,7,0.51,49,1.04,8),(38,2,8,0.19,49,0.38,1),(38,3,0,0.45,29.5,1.54,9),(38,3,1,0.69,29.5,2.35,1),(38,3,2,7.5,29.5,25.41,7),(38,3,3,2.11,29.5,7.15,4),(38,3,4,1.88,29.5,6.37,1),(38,3,5,0.4,29.5,1.35,10),(38,3,6,0.81,29.5,2.75,2),(38,3,7,0.15,29.5,0.52,10),(38,3,8,1.99,29.5,6.75,8),(38,4,0,1.11,29.61333333,3.74,9),(38,4,1,0.75,29.61333333,2.54,6),(38,4,2,3.27,29.61333333,11.04,10),(38,4,3,1.26,29.61333333,4.27,10),(38,4,4,1.87,29.61333333,6.3,4),(38,4,5,0.09,29.61333333,0.31,8),(38,4,6,0.08,29.61333333,0.26,4),(38,4,7,0.04,29.61333333,0.15,4),(38,4,8,0.01,29.61333333,0.02,8),(38,5,0,0.1,31.52335241,0.31,8),(38,5,1,0.14,31.52335241,0.44,4),(38,5,2,0.63,31.52335241,1.99,0),(38,5,3,0.53,31.52335241,1.69,1),(38,5,4,0.06,31.52335241,0.18,9),(38,5,5,0.2,31.52335241,0.63,0),(38,5,6,0.18,31.52335241,0.58,3),(38,5,7,0.03,31.52335241,0.1,5),(38,5,8,0.2,31.52335241,0.63,6),(39,0,0,19.84,37.6,52.77,7),(39,0,1,15.49,37.6,41.19,4),(39,0,2,1.3,37.6,3.47,4),(39,0,3,10.08,37.6,26.82,10),(39,0,4,12.61,37.6,33.55,2),(39,0,5,18.75,37.6,49.88,0),(39,0,6,10.89,37.6,28.97,8),(39,0,7,22.39,37.6,59.54,4),(39,0,8,4.7,37.6,12.51,3),(39,1,0,13.59,54.2,25.08,1),(39,1,1,15.04,54.2,27.74,3),(39,1,2,11.4,54.2,21.04,4),(39,1,3,19.15,54.2,35.34,4),(39,1,4,15.53,54.2,28.66,8),(39,1,5,15.47,54.2,28.54,8),(39,1,6,21.97,54.2,40.53,10),(39,1,7,13.41,54.2,24.74,5),(39,1,8,24.87,54.2,45.88,8),(39,2,0,5.38,55.8,9.64,2),(39,2,1,10.85,55.8,19.45,9),(39,2,2,1.44,55.8,2.58,6),(39,2,3,7.74,55.8,13.87,0),(39,2,4,7.98,55.8,14.3,0),(39,2,5,5.48,55.8,9.82,7),(39,2,6,9.37,55.8,16.79,6),(39,2,7,0.54,55.8,0.96,0),(39,2,8,0.17,55.8,0.31,5),(39,3,0,0.43,28.5,1.5,0),(39,3,1,0.68,28.5,2.4,8),(39,3,2,7.37,28.5,25.86,9),(39,3,3,2.19,28.5,7.68,2),(39,3,4,1.65,28.5,5.8,4),(39,3,5,0.36,28.5,1.25,3),(39,3,6,0.93,28.5,3.26,2),(39,3,7,0.12,28.5,0.42,2),(39,3,8,2.25,28.5,7.91,2),(39,4,0,0.96,24,4.02,8),(39,4,1,0.65,24,2.69,8),(39,4,2,2.67,24,11.12,2),(39,4,3,1.01,24,4.22,7),(39,4,4,1.53,24,6.39,8),(39,4,5,0.07,24,0.3,1),(39,4,6,0.07,24,0.3,9),(39,4,7,0.03,24,0.11,3),(39,4,8,0,24,0.02,1),(39,5,0,0.12,32.21541852,0.37,7),(39,5,1,0.16,32.21541852,0.5,2),(39,5,2,0.65,32.21541852,2.01,8),(39,5,3,0.54,32.21541852,1.67,0),(39,5,4,0.06,32.21541852,0.18,10),(39,5,5,0.22,32.21541852,0.67,3),(39,5,6,0.19,32.21541852,0.59,9),(39,5,7,0.03,32.21541852,0.1,5),(39,5,8,0.16,32.21541852,0.51,8),(40,0,0,21.91,41.6,52.67,7),(40,0,1,16.91,41.6,40.66,4),(40,0,2,1.37,41.6,3.3,9),(40,0,3,11.51,41.6,27.68,10),(40,0,4,14.45,41.6,34.74,9),(40,0,5,19.31,41.6,46.43,0),(40,0,6,11.66,41.6,28.02,10),(40,0,7,24.66,41.6,59.27,0),(40,0,8,5.92,41.6,14.22,6),(40,1,0,19.59,80.4,24.37,5),(40,1,1,22.37,80.4,27.82,8),(40,1,2,16.88,80.4,21,1),(40,1,3,28.22,80.4,35.1,6),(40,1,4,24.85,80.4,30.91,8),(40,1,5,24.52,80.4,30.5,8),(40,1,6,32.47,80.4,40.39,1),(40,1,7,20.07,80.4,24.96,1),(40,1,8,35.92,80.4,44.68,4),(40,2,0,5.38,51.9,10.37,10),(40,2,1,10.23,51.9,19.71,6),(40,2,2,1.25,51.9,2.41,5),(40,2,3,7.48,51.9,14.41,10),(40,2,4,7.55,51.9,14.55,8),(40,2,5,5.29,51.9,10.2,5),(40,2,6,8.79,51.9,16.93,8),(40,2,7,0.57,51.9,1.09,9),(40,2,8,0.17,51.9,0.33,3),(40,3,0,0.72,46.5,1.55,8),(40,3,1,1.09,46.5,2.34,10),(40,3,2,12.22,46.5,26.27,3),(40,3,3,3.48,46.5,7.49,0),(40,3,4,2.56,46.5,5.5,2),(40,3,5,0.68,46.5,1.47,1),(40,3,6,1.79,46.5,3.84,2),(40,3,7,0.22,46.5,0.48,5),(40,3,8,3.62,46.5,7.78,0),(40,4,0,1.4,33.84380952,4.13,7),(40,4,1,1.07,33.84380952,3.16,2),(40,4,2,3.82,33.84380952,11.28,7),(40,4,3,1.44,33.84380952,4.26,10),(40,4,4,2.01,33.84380952,5.93,0),(40,4,5,0.13,33.84380952,0.37,3),(40,4,6,0.12,33.84380952,0.34,3),(40,4,7,0.04,33.84380952,0.12,9),(40,4,8,0.01,33.84380952,0.03,8),(40,5,0,0.13,32.90748464,0.4,6),(40,5,1,0.16,32.90748464,0.48,0),(40,5,2,0.61,32.90748464,1.84,7),(40,5,3,0.46,32.90748464,1.4,1),(40,5,4,0.04,32.90748464,0.13,8),(40,5,5,0.26,32.90748464,0.78,8),(40,5,6,0.21,32.90748464,0.65,3),(40,5,7,0.04,32.90748464,0.11,4),(40,5,8,0.15,32.90748464,0.46,1);
/*!40000 ALTER TABLE `FactMarket_bkp` ENABLE KEYS */;
UNLOCK TABLES;
/*!40103 SET TIME_ZONE=@OLD_TIME_ZONE */;

/*!40101 SET SQL_MODE=@OLD_SQL_MODE */;
/*!40014 SET FOREIGN_KEY_CHECKS=@OLD_FOREIGN_KEY_CHECKS */;
/*!40014 SET UNIQUE_CHECKS=@OLD_UNIQUE_CHECKS */;
/*!40101 SET CHARACTER_SET_CLIENT=@OLD_CHARACTER_SET_CLIENT */;
/*!40101 SET CHARACTER_SET_RESULTS=@OLD_CHARACTER_SET_RESULTS */;
/*!40101 SET COLLATION_CONNECTION=@OLD_COLLATION_CONNECTION */;
/*!40111 SET SQL_NOTES=@OLD_SQL_NOTES */;

-- Dump completed on 2020-12-20 15:23:25
